﻿<?xml version="1.0" encoding="utf-8" ?>
<ArcGISSilverlightSDK>
  <Category>
    <name>What's New</name>
    <icon>Assets/images/globe-16x16.png</icon>
    <items>
      <item>
        <id>WebMap with Charts</id>
        <xaml>ArcGISSilverlightSDK.WebMapCharts</xaml>
        <source>Assets/Source/WebMapCharts.xaml</source>
        <code>Assets/Source/WebMapCharts.xaml.vb.txt</code>
        <icon>Assets/images/small_bullet.png</icon>
      </item>
      <item>
        <id>WebMap with CSV</id>
        <xaml>ArcGISSilverlightSDK.WebMapCSV</xaml>
        <source>Assets/Source/WebMapCSV.xaml</source>
        <code>Assets/Source/WebMapCSV.xaml.vb.txt</code>
        <icon>Assets/images/small_bullet.png</icon>
      </item>
      <item>
        <id>WebMap with WMS</id>
        <xaml>ArcGISSilverlightSDK.WebMapWMS</xaml>
        <source>Assets/Source/WebMapWMS.xaml</source>
        <code>Assets/Source/WebMapWMS.xaml.vb.txt</code>
        <icon>Assets/images/small_bullet.png</icon>
      </item>
      <item>
        <id>WebMap with KML</id>
        <xaml>ArcGISSilverlightSDK.WebMapKML</xaml>
        <source>Assets/Source/WebMapKML.xaml</source>
        <code>Assets/Source/WebMapKML.xaml.vb.txt</code>
        <icon>Assets/images/small_bullet.png</icon>
        <keywords>webmap,kml</keywords>
      </item>
      <item>
        <id>Legend with KML and WMS</id>
        <xaml>ArcGISSilverlightSDK.LegendKmlWms</xaml>
        <source>Assets/Source/LegendKmlWms.xaml</source>
        <desc>Assets/Description/LegendKmlWms.txt</desc>
        <icon>Assets/images/small_bullet.png</icon>
      </item>
      <item>
        <id>Auto-project Graphics</id>
        <xaml>ArcGISSilverlightSDK.AutoProjectGraphics</xaml>
        <source>Assets/Source/AutoProjectGraphics.xaml</source>
        <code>Assets/Source/AutoProjectGraphics.xaml.vb.txt</code>
        <icon>Assets/images/small_bullet.png</icon>
        <keywords>projection,graphics</keywords>
      </item>
      <item>
        <id>Using PointDataSource</id>
        <xaml>ArcGISSilverlightSDK.UsingPointDataSource</xaml>
        <source>Assets/Source/UsingPointDataSource.xaml</source>
        <code>Assets/Source/UsingPointDataSource.xaml.vb.txt</code>
        <icon>Assets/images/small_bullet.png</icon>
      </item>
      <item>
        <id>Geodesic Operations</id>
        <xaml>ArcGISSilverlightSDK.GeodesicOperations</xaml>
        <source>Assets/Source/GeodesicOperations.xaml</source>
        <code>Assets/Source/GeodesicOperations.xaml.vb.txt</code>
        <icon>Assets/images/small_bullet.png</icon>
      </item>
      <item>
        <id>Group Layers</id>
        <xaml>ArcGISSilverlightSDK.GroupLayers</xaml>
        <source>Assets/Source/GroupLayers.xaml</source>
        <code>Assets/Source/GroupLayers.xaml.vb.txt</code>
        <icon>Assets/images/small_bullet.png</icon>
      </item>
      <item>
        <id>Map Scale</id>
        <xaml>ArcGISSilverlightSDK.MapScale</xaml>
        <source>Assets/Source/MapScale.xaml</source>
        <code>Assets/Source/MapScale.xaml.vb.txt</code>
        <icon>Assets/images/small_bullet.png</icon>
      </item>
      <item>
        <id>WMTS Layer</id>
        <xaml>ArcGISSilverlightSDK.WmtsLayerSimple</xaml>
        <source>Assets/Source/WmtsLayerSimple.xaml</source>
        <code>Assets/Source/WmtsLayerSimple.xaml.vb.txt</code>
        <icon>Assets/images/small_bullet.png</icon>
      </item>
    </items>    
  </Category>
  <Category>
    <name>Mapping</name>
    <icon>Assets/images/globe-16x16.png</icon>
    <items>
      <item>
        <id>ArcGIS Tiled Layer</id>
        <xaml>ArcGISSilverlightSDK.Map</xaml>
        <source>Assets/Source/Map.xaml</source>
        <code>Assets/Source/Map.xaml.vb.txt</code>
        <icon>Assets/images/small_bullet.png</icon>
      </item>
      <item>
        <id>ArcGIS Dynamic Layer</id>
        <xaml>ArcGISSilverlightSDK.DynamicMap</xaml>
        <source>Assets/Source/DynamicMap.xaml</source>
        <code>Assets/Source/DynamicMap.xaml.vb.txt</code>
        <icon>Assets/images/small_bullet.png</icon>
      </item>
      <item>
        <id>Dynamic and Tiled Layers</id>
        <xaml>ArcGISSilverlightSDK.DynamicAndTile</xaml>
        <source>Assets/Source/DynamicAndTile.xaml</source>
        <code>Assets/Source/DynamicAndTile.xaml.vb.txt</code>
        <icon>Assets/images/small_bullet.png</icon>
      </item>
      <item>
        <id>Layer List</id>
        <xaml>ArcGISSilverlightSDK.LayerList</xaml>
        <source>Assets/Source/LayerList.xaml</source>
        <code>Assets/Source/LayerList.xaml.vb.txt</code>        
        <icon>Assets/images/small_bullet.png</icon>
      </item>
      <item>
        <id>SubLayer List</id>
        <xaml>ArcGISSilverlightSDK.SubLayerList</xaml>
        <source>Assets/Source/SubLayerList.xaml</source>
        <code>Assets/Source/SubLayerList.xaml.vb.txt</code>
        <icon>Assets/images/small_bullet.png</icon>
      </item>
      <item>
        <id>Define Map Projection</id>
        <xaml>ArcGISSilverlightSDK.DefineMapProjection</xaml>
        <source>Assets/Source/DefineMapProjection.xaml</source>
        <code>Assets/Source/DefineMapProjection.xaml.vb.txt</code>
        <icon>Assets/images/small_bullet.png</icon>
      </item>
      <item>
        <id>Plane Projection</id>
        <xaml>ArcGISSilverlightSDK.PlaneProjection</xaml>
        <source>Assets/Source/PlaneProjection.xaml</source>
        <code>Assets/Source/PlaneProjection.xaml.vb.txt</code>        
        <icon>Assets/images/small_bullet.png</icon>
      </item>
      <item>
        <id>Show Map Extent</id>
        <xaml>ArcGISSilverlightSDK.MapExtent</xaml>
        <source>Assets/Source/MapExtent.xaml</source>
        <code>Assets/Source/MapExtent.xaml.vb.txt</code>       
        <icon>Assets/images/small_bullet.png</icon>
      </item>
      <item>
        <id>Show Map Properties</id>
        <xaml>ArcGISSilverlightSDK.ShowMapProperties</xaml>
        <source>Assets/Source/ShowMapProperties.xaml</source>
        <code>Assets/Source/ShowMapProperties.xaml.vb.txt</code>
        <icon>Assets/images/small_bullet.png</icon>
      </item>
      <item>
        <id>Show Mouse Coordinates</id>
        <xaml>ArcGISSilverlightSDK.MouseCoords</xaml>
        <source>Assets/Source/MouseCoords.xaml</source>
        <code>Assets/Source/MouseCoords.xaml.vb.txt</code>        
        <icon>Assets/images/small_bullet.png</icon>
      </item>
      <item>
        <id>Switching Map Layers</id>
        <xaml>ArcGISSilverlightSDK.SwitchMap</xaml>
        <source>Assets/Source/SwitchMap.xaml</source>
        <code>Assets/Source/SwitchMap.xaml.vb.txt</code>        
        <icon>Assets/images/small_bullet.png</icon>
      </item>
      <item>
        <id>Pan Buttons</id>
        <xaml>ArcGISSilverlightSDK.PanButtons</xaml>
        <source>Assets/Source/PanButtons.xaml</source>
        <code>Assets/Source/PanButtons.xaml.vb.txt</code>
        <desc>Assets/Description/PanButtons.txt</desc>
        <icon>Assets/images/small_bullet.png</icon>
      </item>
      <item>
        <id>Adjust Map Animation</id>
        <xaml>ArcGISSilverlightSDK.MapAnimation</xaml>
        <source>Assets/Source/MapAnimation.xaml</source>
        <code>Assets/Source/MapAnimation.xaml.vb.txt</code>       
        <icon>Assets/images/small_bullet.png</icon>
      </item>
      <item>
        <id>Custom Zoom Box</id>
        <xaml>ArcGISSilverlightSDK.CustomZoomBox</xaml>
        <source>Assets/Source/CustomZoomBox.xaml</source>
        <code>Assets/Source/CustomZoomBox.xaml.vb.txt</code>
        <desc>Assets/Description/CustomZoomBox.txt</desc>
        <icon>Assets/images/small_bullet.png</icon>
      </item>
      <item>
        <id>Add Layer Dynamically</id>
        <xaml>ArcGISSilverlightSDK.AddLayerDynamically</xaml>
        <source>Assets/Source/AddLayerDynamically.xaml</source>
        <code>Assets/Source/AddLayerDynamically.xaml.vb.txt</code>        
        <icon>Assets/images/small_bullet.png</icon>
      </item>
      <item>
        <id>Element Layer</id>
        <xaml>ArcGISSilverlightSDK.ElementLayer</xaml>
        <source>Assets/Source/ElementLayer.xaml</source>
        <code>Assets/Source/ElementLayer.xaml.vb.txt</code>        
        <icon>Assets/images/small_bullet.png</icon>
      </item>
      <item>
        <id>Element Layer - Media</id>
        <xaml>ArcGISSilverlightSDK.MediaLayer</xaml>
        <source>Assets/Source/MediaLayer.xaml</source>
        <code>Assets/Source/MediaLayer.xaml.vb.txt</code>        
        <icon>Assets/images/small_bullet.png</icon>
      </item>
      <item>
        <id>Scalebar</id>
        <xaml>ArcGISSilverlightSDK.Scalebar</xaml>
        <source>Assets/Source/Scalebar.xaml</source>
        <code>Assets/Source/Scalebar.xaml.vb.txt</code>       
        <icon>Assets/images/small_bullet.png</icon>
      </item>
    </items>
  </Category>
  <Category>
    <name>Toolkit Controls</name>
    <icon>Assets/images/globe-16x16.png</icon>
    <items>
			<item>
				<id>Attribution</id>
				<xaml>ArcGISSilverlightSDK.Attribution</xaml>
				<source>Assets/Source/Attribution.xaml</source>
				<code>Assets/Source/Attribution.xaml.vb.txt</code>
				<desc>Assets/Description/Attribution.txt</desc>
				<icon>Assets/images/small_bullet.png</icon>
				<keywords>Bookmark</keywords>
			</item>
			<item>
        <id>Bookmarks</id>
        <xaml>ArcGISSilverlightSDK.Bookmarks</xaml>
        <source>Assets/Source/Bookmarks.xaml</source>
        <code>Assets/Source/Bookmarks.xaml.vb.txt</code>       
        <icon>Assets/images/small_bullet.png</icon>
      </item>
      <item>
        <id>FeatureDataGrid</id>
        <xaml>ArcGISSilverlightSDK.FeatureDataGrid</xaml>
        <source>Assets/Source/FeatureDataGrid.xaml</source>
        <code>Assets/Source/FeatureDataGrid.xaml.vb.txt</code>       
        <icon>Assets/images/small_bullet.png</icon>
      </item>
      <item>
        <id>InfoWindow</id>
        <xaml>ArcGISSilverlightSDK.InfoWindowSimple</xaml>
        <source>Assets/Source/InfoWindowSimple.xaml</source>
        <code>Assets/Source/InfoWindowSimple.xaml.vb.txt</code>        
        <icon>Assets/images/small_bullet.png</icon>
      </item>
      <item>
        <id>Legend</id>
        <xaml>ArcGISSilverlightSDK.LegendSimple</xaml>
        <source>Assets/Source/LegendSimple.xaml</source>
        <code>Assets/Source/LegendSimple.xaml.vb.txt</code>
        <icon>Assets/images/small_bullet.png</icon>
      </item>
      <item>
        <id>Legend with Templates</id>
        <xaml>ArcGISSilverlightSDK.LegendWithTemplates</xaml>
        <source>Assets/Source/LegendWithTemplates.xaml</source>
        <code>Assets/Source/LegendWithTemplates.xaml.vb.txt</code>
        <icon>Assets/images/small_bullet.png</icon>
      </item>
      <item>
        <id>Magnifier</id>
        <xaml>ArcGISSilverlightSDK.Magnify</xaml>
        <source>Assets/Source/Magnify.xaml</source>
        <code>Assets/Source/Magnify.xaml.vb.txt</code>        
        <icon>Assets/images/small_bullet.png</icon>
      </item>
      <item>
        <id>MagnifyingGlass</id>
        <xaml>ArcGISSilverlightSDK.MagnifyingGlass</xaml>
        <source>Assets/Source/MagnifyingGlass.xaml</source>
        <code>Assets/Source/MagnifyingGlass.xaml.vb.txt</code>        
        <icon>Assets/images/small_bullet.png</icon>
      </item>
      <item>
        <id>MapProgressBar</id>
        <xaml>ArcGISSilverlightSDK.MapProgressBar</xaml>
        <source>Assets/Source/MapProgressBar.xaml</source>
        <code>Assets/Source/MapProgressBar.xaml.vb.txt</code>        
        <icon>Assets/images/small_bullet.png</icon>
      </item>
      <item>
        <id>MapTips</id>
        <xaml>ArcGISSilverlightSDK.MapTipWidget</xaml>
        <source>Assets/Source/MapTipWidget.xaml</source>
        <code>Assets/Source/MapTipWidget.xaml.vb.txt</code>        
        <icon>Assets/images/small_bullet.png</icon>
      </item>
      <item>
        <id>Navigation</id>
        <xaml>ArcGISSilverlightSDK.Navigation</xaml>
        <source>Assets/Source/Navigation.xaml</source>
        <code>Assets/Source/Navigation.xaml.vb.txt</code>       
        <icon>Assets/images/small_bullet.png</icon>
      </item>
      <item>
        <id>OverviewMap</id>
        <xaml>ArcGISSilverlightSDK.OverviewMap</xaml>
        <source>Assets/Source/OverviewMap.xaml</source>
        <code>Assets/Source/OverviewMap.xaml.vb.txt</code>        
        <icon>Assets/images/small_bullet.png</icon>
      </item>
			<item>
				<id>ScaleLine</id>
				<xaml>ArcGISSilverlightSDK.Scaleline</xaml>
				<source>Assets/Source/Scaleline.xaml</source>
				<code>Assets/Source/Scaleline.xaml.vb.txt</code>
				<desc>Assets/Description/Scaleline.txt</desc>
				<icon>Assets/images/small_bullet.png</icon>
				<keywords>ScaleLine</keywords>
			</item>
			<item>
        <id>Toolbar</id>
        <xaml>ArcGISSilverlightSDK.ToolBarWidget</xaml>
        <source>Assets/Source/ToolBarWidget.xaml</source>
        <code>Assets/Source/ToolBarWidget.xaml.vb.txt</code>        
        <icon>Assets/images/small_bullet.png</icon>
      </item>
    </items>
  </Category>
  <Category>
    <name>Toolkit Data Sources</name>
    <icon>Assets/images/globe-16x16.png</icon>
    <items>
      <item>
        <id>OpenStreetMap</id>
        <xaml>ArcGISSilverlightSDK.OpenStreetMapSimple</xaml>
        <source>Assets/Source/OpenStreetMapSimple.xaml</source>
        <code>Assets/Source/OpenStreetMapSimple.xaml.vb.txt</code>
        <desc>Assets/Description/OpenStreetMapSimple.txt</desc>
        <icon>Assets/images/small_bullet.png</icon>
      </item>
      <item>
        <id>HeatMap</id>
        <xaml>ArcGISSilverlightSDK.HeatMapLayerSimple</xaml>
        <source>Assets/Source/HeatMapLayerSimple.xaml</source>
        <code>Assets/Source/HeatMapLayerSimple.xaml.vb.txt</code>
        <desc>Assets/Description/HeatMapLayerSimple.txt</desc>
        <icon>Assets/images/small_bullet.png</icon>
      </item>
      <item>
        <id>GeoRss</id>
        <xaml>ArcGISSilverlightSDK.GeoRssSimple</xaml>
        <source>Assets/Source/GeoRssSimple.xaml</source>
        <code>Assets/Source/GeoRssSimple.xaml.vb.txt</code>
        <desc>Assets/Description/GeoRssSimple.txt</desc>
        <icon>Assets/images/small_bullet.png</icon>
      </item>
      <item>
        <id>KML</id>
        <xaml>ArcGISSilverlightSDK.KmlLayerSimple</xaml>
        <source>Assets/Source/KmlLayerSimple.xaml</source>
        <code>Assets/Source/KmlLayerSimple.xaml.vb.txt</code>
        <desc>Assets/Description/KmlLayerSimple.txt</desc>
        <icon>Assets/images/small_bullet.png</icon>
      </item>
      <item>
        <id>WMS</id>
        <xaml>ArcGISSilverlightSDK.WmsLayerSimple</xaml>
        <source>Assets/Source/WmsLayerSimple.xaml</source>
        <code>Assets/Source/WmsLayerSimple.xaml.vb.txt</code>
        <desc>Assets/Description/WmsLayerSimple.txt</desc>
        <icon>Assets/images/small_bullet.png</icon>
      </item>
    </items>
  </Category>
  <Category>
    <name>Behaviors &amp; Actions</name>
    <icon>Assets/images/globe-16x16.png</icon>
    <items>
      <item>
        <id>Constrain Extent Behavior</id>
        <xaml>ArcGISSilverlightSDK.ConstrainExtentBehavior</xaml>
        <source>Assets/Source/ConstrainExtentBehavior.xaml</source>
        <code>Assets/Source/ConstrainExtentBehavior.xaml.vb.txt</code>       
        <icon>Assets/images/small_bullet.png</icon>
      </item>
      <item>
        <id>Maintain Extent Behavior</id>
        <xaml>ArcGISSilverlightSDK.MaintainExtentBehavior</xaml>
        <source>Assets/Source/MaintainExtentBehavior.xaml</source>
        <code>Assets/Source/MaintainExtentBehavior.xaml.vb.txt</code>        
        <icon>Assets/images/small_bullet.png</icon>
      </item>
      <item>
        <id>Show Coordinates Behavior</id>
        <xaml>ArcGISSilverlightSDK.ShowCoordinatesBehavior</xaml>
        <source>Assets/Source/ShowCoordinatesBehavior.xaml</source>
        <code>Assets/Source/ShowCoordinatesBehavior.xaml.vb.txt</code>        
        <icon>Assets/images/small_bullet.png</icon>
      </item>
      <item>
        <id>Graphics Actions</id>
        <xaml>ArcGISSilverlightSDK.GraphicsActions</xaml>
        <source>Assets/Source/GraphicsActions.xaml</source>
        <code>Assets/Source/GraphicsActions.xaml.vb.txt</code>        
        <icon>Assets/images/small_bullet.png</icon>
      </item>
      <item>
        <id>Layer Actions</id>
        <xaml>ArcGISSilverlightSDK.LayerActions</xaml>
        <source>Assets/Source/LayerActions.xaml</source>
        <code>Assets/Source/LayerActions.xaml.vb.txt</code>        
        <icon>Assets/images/small_bullet.png</icon>
      </item>
      <item>
        <id>Navigation Actions</id>
        <xaml>ArcGISSilverlightSDK.NavigationActions</xaml>
        <source>Assets/Source/NavigationActions.xaml</source>
        <code>Assets/Source/NavigationActions.xaml.vb.txt</code>       
        <icon>Assets/images/small_bullet.png</icon>
      </item>
      <item>
        <id>Utility Actions</id>
        <xaml>ArcGISSilverlightSDK.UtilityActions</xaml>
        <source>Assets/Source/UtilityActions.xaml</source>
        <code>Assets/Source/UtilityActions.xaml.vb.txt</code>        
        <icon>Assets/images/small_bullet.png</icon>
      </item>
    </items>
  </Category>
  <Category>
    <name>Graphics</name>
    <icon>Assets/images/globe-16x16.png</icon>
    <items>
      <item>
        <id>Add using XAML</id>
        <xaml>ArcGISSilverlightSDK.AddGraphicsXAML</xaml>
        <source>Assets/Source/AddGraphicsXAML.xaml</source>
        <code>Assets/Source/AddGraphicsXAML.xaml.vb.txt</code>       
        <icon>Assets/images/small_bullet.png</icon>
      </item>
      <item>
        <id>Add using code</id>
        <xaml>ArcGISSilverlightSDK.AddGraphics</xaml>
        <source>Assets/Source/AddGraphics.xaml</source>
        <code>Assets/Source/AddGraphics.xaml.vb.txt</code>        
        <icon>Assets/images/small_bullet.png</icon>
      </item>
      <item>
        <id>Add interactively</id>
        <xaml>ArcGISSilverlightSDK.DrawGraphics</xaml>
        <source>Assets/Source/DrawGraphics.xaml</source>
        <code>Assets/Source/DrawGraphics.xaml.vb.txt</code>       
        <icon>Assets/images/small_bullet.png</icon>
      </item>
      <item>
        <id>Custom symbols</id>
        <xaml>ArcGISSilverlightSDK.CustomSymbols</xaml>
        <source>Assets/Source/CustomSymbols.xaml</source>
        <code>Assets/Source/CustomSymbols.xaml.vb.txt</code>
        <desc>Assets/Description/CustomSymbols.txt</desc>
        <icon>Assets/images/small_bullet.png</icon>
      </item>
      <item>
        <id>Selections</id>
        <xaml>ArcGISSilverlightSDK.SelectGraphics</xaml>
        <source>Assets/Source/SelectGraphics.xaml</source>
        <code>Assets/Source/SelectGraphics.xaml.vb.txt</code>
        <desc>Assets/Description/SelectGraphics.txt</desc>
        <icon>Assets/images/small_bullet.png</icon>
      </item>
      <item>
        <id>Video fills</id>
        <xaml>ArcGISSilverlightSDK.VideoFills</xaml>
        <source>Assets/Source/VideoFills.xaml</source>
        <code>Assets/Source/VideoFills.xaml.vb.txt</code>       
        <icon>Assets/images/small_bullet.png</icon>
      </item>
      <item>
        <id>Simple Clusterer</id>
        <xaml>ArcGISSilverlightSDK.SimpleClusterer</xaml>
        <source>Assets/Source/SimpleClusterer.xaml</source>
        <code>Assets/Source/SimpleClusterer.xaml.vb.txt</code>        
        <icon>Assets/images/small_bullet.png</icon>
      </item>
      <item>
        <id>Custom Clusterer</id>
        <xaml>ArcGISSilverlightSDK.CustomClusterer</xaml>
        <source>Assets/Source/CustomClusterer.xaml</source>
        <code>Assets/Source/CustomClusterer.xaml.vb.txt</code>       
        <icon>Assets/images/small_bullet.png</icon>
      </item>
      <item>
        <id>MapTips</id>
        <xaml>ArcGISSilverlightSDK.GraphicsMapTip</xaml>
        <source>Assets/Source/MapTip.xaml</source>
        <code>Assets/Source/MapTip.xaml.vb.txt</code>        
        <icon>Assets/images/small_bullet.png</icon>
      </item>
      <item>
        <id>Rendering with XAML</id>
        <xaml>ArcGISSilverlightSDK.RenderersXAML</xaml>
        <source>Assets/Source/RenderersXAML.xaml</source>
        <code>Assets/Source/RenderersXAML.xaml.vb.txt</code>        
        <icon>Assets/images/small_bullet.png</icon>
      </item>
      <item>
        <id>Rendering with code</id>
        <xaml>ArcGISSilverlightSDK.Thematic_Interactive</xaml>
        <source>Assets/Source/Thematic_Interactive.xaml</source>
        <code>Assets/Source/Thematic_Interactive.xaml.vb.txt</code>        
        <icon>Assets/images/small_bullet.png</icon>
      </item>
      <item>
        <id>Show GeoRSS Feed</id>
        <xaml>ArcGISSilverlightSDK.GeoRSS</xaml>
        <source>Assets/Source/GeoRSS.xaml</source>
        <code>Assets/Source/GeoRSS.xaml.vb.txt</code>       
        <icon>Assets/images/small_bullet.png</icon>
      </item>
			<item>
				<id>Using GraphicsSource</id>
				<xaml>ArcGISSilverlightSDK.UsingGraphicsSource</xaml>
				<source>Assets/Source/UsingGraphicsSource.xaml</source>
				<code>Assets/Source/UsingGraphicsSource.xaml.vb.txt</code>
				<icon>Assets/images/small_bullet.png</icon>
			</item>
    </items>
  </Category>
  <Category>
    <name>Query</name>
    <icon>Assets/images/globe-16x16.png</icon>
    <items>
      <item>
        <id>Query only</id>
        <xaml>ArcGISSilverlightSDK.QueryWithoutMap</xaml>
        <source>Assets/Source/QueryWithoutMap.xaml</source>
        <code>Assets/Source/QueryWithoutMap.xaml.vb.txt</code>
        <icon>Assets/images/small_bullet.png</icon>
      </item>
      <item>
        <id>Attribute Query</id>
        <xaml>ArcGISSilverlightSDK.AttributeQuery</xaml>
        <source>Assets/Source/AttributeQuery.xaml</source>
        <code>Assets/Source/AttributeQuery.xaml.vb.txt</code>
        <icon>Assets/images/small_bullet.png</icon>
      </item>
      <item>
        <id>Spatial Query</id>
        <xaml>ArcGISSilverlightSDK.SpatialQuery</xaml>
        <source>Assets/Source/SpatialQuery.xaml</source>
        <code>Assets/Source/SpatialQuery.xaml.vb.txt</code>
        <icon>Assets/images/small_bullet.png</icon>
      </item>
      <item>
        <id>Identify</id>
        <xaml>ArcGISSilverlightSDK.Identify</xaml>
        <source>Assets/Source/Identify.xaml</source>
        <code>Assets/Source/Identify.xaml.vb.txt</code>
        <icon>Assets/images/small_bullet.png</icon>
      </item>
      <item>
        <id>Find</id>
        <xaml>ArcGISSilverlightSDK.Find</xaml>
        <source>Assets/Source/Find.xaml</source>
        <code>Assets/Source/Find.xaml.vb.txt</code>
        <icon>Assets/images/small_bullet.png</icon>
      </item>
      <item>
        <id>Query Related Records</id>
        <xaml>ArcGISSilverlightSDK.QueryRelatedRecords</xaml>
        <source>Assets/Source/QueryRelatedRecords.xaml</source>
        <code>Assets/Source/QueryRelatedRecords.xaml.vb.txt</code>
        <icon>Assets/images/small_bullet.png</icon>
      </item>
      <item>
        <id>Query with a Buffer</id>
        <xaml>ArcGISSilverlightSDK.BufferQuery</xaml>
        <source>Assets/Source/BufferQuery.xaml</source>
        <code>Assets/Source/BufferQuery.xaml.vb.txt</code>
        <icon>Assets/images/small_bullet.png</icon>
      </item>
    </items>
  </Category>
  <Category>
    <name>Feature Layers</name>
    <icon>Assets/images/globe-16x16.png</icon>
    <items>
      <item>
        <id>Simple</id>
        <xaml>ArcGISSilverlightSDK.FeatureLayerSimple</xaml>
        <source>Assets/Source/FeatureLayerSimple.xaml</source>
        <code>Assets/Source/FeatureLayerSimple.xaml.vb.txt</code>
        <icon>Assets/images/small_bullet.png</icon>
      </item>
      <item>
        <id>Filtering</id>
        <xaml>ArcGISSilverlightSDK.FeatureLayerFiltering</xaml>
        <source>Assets/Source/FeatureLayerFiltering.xaml</source>
        <code>Assets/Source/FeatureLayerFiltering.xaml.vb.txt</code>
        <icon>Assets/images/small_bullet.png</icon>
      </item>
      <item>
        <id>Rendering</id>
        <xaml>ArcGISSilverlightSDK.FeatureLayerRendering</xaml>
        <source>Assets/Source/FeatureLayerRendering.xaml</source>
        <code>Assets/Source/FeatureLayerRendering.xaml.vb.txt</code>
        <icon>Assets/images/small_bullet.png</icon>
      </item>
      <item>
        <id>MapTips</id>
        <xaml>ArcGISSilverlightSDK.FeatureLayerMapTips</xaml>
        <source>Assets/Source/FeatureLayerMapTips.xaml</source>
        <code>Assets/Source/FeatureLayerMapTips.xaml.vb.txt</code>
        <icon>Assets/images/small_bullet.png</icon>
      </item>
      <item>
        <id>Selection</id>
        <xaml>ArcGISSilverlightSDK.FeatureLayerSelection</xaml>
        <source>Assets/Source/FeatureLayerSelection.xaml</source>
        <code>Assets/Source/FeatureLayerSelection.xaml.vb.txt</code>
        <icon>Assets/images/small_bullet.png</icon>
      </item>
      <item>
        <id>On Demand</id>
        <xaml>ArcGISSilverlightSDK.FeatureLayerOnDemand</xaml>
        <source>Assets/Source/FeatureLayerOnDemand.xaml</source>
        <code>Assets/Source/FeatureLayerOnDemand.xaml.vb.txt</code>
        <icon>Assets/images/small_bullet.png</icon>
      </item>		
    </items>
  </Category>
  <Category>
    <name>Editing</name>
    <icon>Assets/images/globe-16x16.png</icon>
    <items>
      <item>
        <id>Editor Widget</id>
        <xaml>ArcGISSilverlightSDK.ToolkitEditorWidget</xaml>
        <source>Assets/Source/ToolkitEditorWidget.xaml</source>
        <code>Assets/Source/ToolkitEditorWidget.xaml.vb.txt</code>
        <icon>Assets/images/small_bullet.png</icon>
      </item>
      <item>
        <id>Template Picker</id>
        <xaml>ArcGISSilverlightSDK.ToolkitTemplatePicker</xaml>
        <source>Assets/Source/ToolkitTemplatePicker.xaml</source>
        <code>Assets/Source/ToolkitTemplatePicker.xaml.vb.txt</code>
        <icon>Assets/images/small_bullet.png</icon>
      </item>
      <item>
        <id>Template Picker Styles</id>
        <xaml>ArcGISSilverlightSDK.ToolkitTemplatePickerStyles</xaml>
        <source>Assets/Source/ToolkitTemplatePickerStyles.xaml</source>
        <code>Assets/Source/ToolkitTemplatePickerStyles.xaml.vb.txt</code>
        <icon>Assets/images/small_bullet.png</icon>
      </item>
      <item>
        <id>Feature Data Form</id>
        <xaml>ArcGISSilverlightSDK.ToolkitFeatureDataForm</xaml>
        <source>Assets/Source/ToolkitFeatureDataForm.xaml</source>
        <code>Assets/Source/ToolkitFeatureDataForm.xaml.vb.txt</code>
        <icon>Assets/images/small_bullet.png</icon>
      </item>
      <item>
        <id>Feature Data Grid</id>
        <xaml>ArcGISSilverlightSDK.ToolkitFeatureDataGrid</xaml>
        <source>Assets/Source/ToolkitFeatureDataGrid.xaml</source>
        <code>Assets/Source/ToolkitFeatureDataGrid.xaml.vb.txt</code>
        <icon>Assets/images/small_bullet.png</icon>
      </item>
      <item>
        <id>Attachment Editor</id>
        <xaml>ArcGISSilverlightSDK.ToolkitAttachmentEditor</xaml>
        <source>Assets/Source/ToolkitAttachmentEditor.xaml</source>
        <code>Assets/Source/ToolkitAttachmentEditor.xaml.vb.txt</code>
        <icon>Assets/images/small_bullet.png</icon>
      </item>
      <item>
        <id>Edit Tools - Auto Save</id>
        <xaml>ArcGISSilverlightSDK.EditToolsAutoSave</xaml>
        <source>Assets/Source/EditToolsAutoSave.xaml</source>
        <code>Assets/Source/EditToolsAutoSave.xaml.vb.txt</code>
        <icon>Assets/images/small_bullet.png</icon>
      </item>
      <item>
        <id>Edit Tools - Explicit Save</id>
        <xaml>ArcGISSilverlightSDK.EditToolsExplicitSave</xaml>
        <source>Assets/Source/EditToolsExplicitSave.xaml</source>
        <code>Assets/Source/EditToolsExplicitSave.xaml.vb.txt</code>
        <icon>Assets/images/small_bullet.png</icon>
      </item>
			<item>
				<id>Edit Tools - Geometry</id>
				<xaml>ArcGISSilverlightSDK.EditToolsGeometry</xaml>
				<source>Assets/Source/EditToolsGeometry.xaml</source>
				<code>Assets/Source/EditToolsGeometry.xaml.vb.txt</code>
				<icon>Assets/images/small_bullet.png</icon>
			</item>
    </items>
  </Category>
  <Category>
    <name>Time-Aware Layers</name>
    <icon>Assets/images/globe-16x16.png</icon>
    <items>
      <item>
        <id>TimeSlider - Map Service</id>
        <xaml>ArcGISSilverlightSDK.TimeMapService</xaml>
        <source>Assets/Source/TimeMapService.xaml</source>
        <code>Assets/Source/TimeMapService.xaml.vb.txt</code>
        <icon>Assets/images/small_bullet.png</icon>
      </item>
      <item>
        <id>TimeSlider - Feature Layer</id>
        <xaml>ArcGISSilverlightSDK.TimeFeatureLayer</xaml>
        <source>Assets/Source/TimeFeatureLayer.xaml</source>
        <code>Assets/Source/TimeFeatureLayer.xaml.vb.txt</code>
        <icon>Assets/images/small_bullet.png</icon>
      </item>
      <item>
        <id>TimeSlider - Image Service</id>
        <xaml>ArcGISSilverlightSDK.TimeImageService</xaml>
        <source>Assets/Source/TimeImageService.xaml</source>
        <code>Assets/Source/TimeImageService.xaml.vb.txt</code>
        <icon>Assets/images/small_bullet.png</icon>
      </item>
      <item>
        <id>Temporal Renderer - Points</id>
        <xaml>ArcGISSilverlightSDK.TemporalRendererPoints</xaml>
        <source>Assets/Source/TemporalRendererPoints.xaml</source>
        <code>Assets/Source/TemporalRendererPoints.xaml.vb.txt</code>                
        <icon>Assets/images/small_bullet.png</icon>        
      </item>
      <item>
        <id>Temporal Renderer - Tracks</id>
        <xaml>ArcGISSilverlightSDK.TemporalRendererTracks</xaml>
        <source>Assets/Source/TemporalRendererTracks.xaml</source>
        <code>Assets/Source/TemporalRendererTracks.xaml.vb.txt</code>
        <icon>Assets/images/small_bullet.png</icon>
      </item>
    </items>
  </Category>
  <Category>
    <name>Address Matching</name>
    <icon>Assets/images/globe-16x16.png</icon>
    <items>
      <item>
        <id>Find an Address</id>
        <xaml>ArcGISSilverlightSDK.AddressToLocation</xaml>
        <source>Assets/Source/AddressToLocation.xaml</source>
        <code>Assets/Source/AddressToLocation.xaml.vb.txt</code>       
        <icon>Assets/images/small_bullet.png</icon>
      </item>
      <item>
        <id>Address of a Location</id>
        <xaml>ArcGISSilverlightSDK.LocationToAddress</xaml>
        <source>Assets/Source/LocationToAddress.xaml</source>
        <code>Assets/Source/LocationToAddress.xaml.vb.txt</code>       
        <icon>Assets/images/small_bullet.png</icon>
      </item>
    </items>
  </Category>
  <Category>
    <name>Network</name>
    <icon>Assets/images/globe-16x16.png</icon>
    <items>
      <item>
        <id>Routing</id>
        <xaml>ArcGISSilverlightSDK.Routing</xaml>
        <source>Assets/Source/Routing.xaml</source>
        <code>Assets/Source/Routing.xaml.vb.txt</code>       
        <icon>Assets/images/small_bullet.png</icon>
      </item>
      <item>
        <id>Routing with Barriers</id>
        <xaml>ArcGISSilverlightSDK.RoutingBarriers</xaml>
        <source>Assets/Source/RoutingBarriers.xaml</source>
        <code>Assets/Source/RoutingBarriers.xaml.vb.txt</code>       
        <icon>Assets/images/small_bullet.png</icon>
      </item>
      <item>
        <id>Driving Directions</id>
        <xaml>ArcGISSilverlightSDK.RoutingDirections</xaml>
        <source>Assets/Source/RoutingDirections.xaml</source>
        <code>Assets/Source/RoutingDirections.xaml.vb.txt</code>        
        <icon>Assets/images/small_bullet.png</icon>
      </item>
      <item>
        <id>Closest Facility</id>
        <xaml>ArcGISSilverlightSDK.ClosestFacility</xaml>
        <source>Assets/Source/ClosestFacility.xaml</source>
        <code>Assets/Source/ClosestFacility.xaml.vb.txt</code>        
        <icon>Assets/images/small_bullet.png</icon>        
      </item>
      <item>
        <id>Service Areas</id>
        <xaml>ArcGISSilverlightSDK.ServiceAreas</xaml>
        <source>Assets/Source/ServiceAreas.xaml</source>       
        <desc>Assets/Description/ServiceAreas.txt</desc>
        <icon>Assets/images/small_bullet.png</icon>
      </item>
    </items>
  </Category>
  <Category>
    <name>Geoprocessing</name>
    <icon>Assets/images/globe-16x16.png</icon>
    <items>
      <item>
        <id>Message in a Bottle</id>
        <xaml>ArcGISSilverlightSDK.MessageInABottle</xaml>
        <source>Assets/Source/MessageInABottle.xaml</source>
        <code>Assets/Source/MessageInABottle.xaml.vb.txt</code>       
        <icon>Assets/images/small_bullet.png</icon>
      </item>
      <item>
        <id>Drive Times</id>
        <xaml>ArcGISSilverlightSDK.DriveTimes</xaml>
        <source>Assets/Source/DriveTimes.xaml</source>
        <code>Assets/Source/DriveTimes.xaml.vb.txt</code>       
        <icon>Assets/images/small_bullet.png</icon>
      </item>
      <item>
        <id>Surface Profile</id>
        <xaml>ArcGISSilverlightSDK.SurfaceProfile</xaml>
        <source>Assets/Source/SurfaceProfile.xaml</source>
        <code>Assets/Source/SurfaceProfile.xaml.vb.txt</code>      
        <icon>Assets/images/small_bullet.png</icon>
      </item>
      <item>
        <id>Calculate Viewshed</id>
        <xaml>ArcGISSilverlightSDK.ViewShed</xaml>
        <source>Assets/Source/ViewShed.xaml</source>
        <code>Assets/Source/ViewShed.xaml.vb.txt</code>      
        <icon>Assets/images/small_bullet.png</icon>
      </item>
      <item>
        <id>Clip Features</id>
        <xaml>ArcGISSilverlightSDK.ClipFeatures</xaml>
        <source>Assets/Source/ClipFeatures.xaml</source>
        <code>Assets/Source/ClipFeatures.xaml.vb.txt</code>        
        <icon>Assets/images/small_bullet.png</icon>
      </item>
    </items>
  </Category>
  <Category>
    <name>Utilities</name>
    <icon>Assets/images/globe-16x16.png</icon>
    <items>
      <item>
        <id>Area and Perimeter</id>
        <xaml>ArcGISSilverlightSDK.AreasAndLengths</xaml>
        <source>Assets/Source/AreasAndLengths.xaml</source>
        <code>Assets/Source/AreasAndLengths.xaml.vb.txt</code>       
        <icon>Assets/images/small_bullet.png</icon>
      </item>
      <item>
        <id>Auto Complete</id>
        <xaml>ArcGISSilverlightSDK.AutoComplete</xaml>
        <source>Assets/Source/AutoComplete.xaml</source>
        <code>Assets/Source/AutoComplete.xaml.vb.txt</code>
        <icon>Assets/images/small_bullet.png</icon>
      </item>
      <item>
        <id>Buffer a Point</id>
        <xaml>ArcGISSilverlightSDK.BufferPoint</xaml>
        <source>Assets/Source/BufferPoint.xaml</source>
        <code>Assets/Source/BufferPoint.xaml.vb.txt</code>     
        <icon>Assets/images/small_bullet.png</icon>
      </item>
      <item>
        <id>Convex Hull</id>
        <xaml>ArcGISSilverlightSDK.ConvexHull</xaml>
        <source>Assets/Source/ConvexHull.xaml</source>
        <code>Assets/Source/ConvexHull.xaml.vb.txt</code>
        <icon>Assets/images/small_bullet.png</icon>
      </item>
      <item>
        <id>Cut</id>
        <xaml>ArcGISSilverlightSDK.Cut</xaml>
        <source>Assets/Source/Cut.xaml</source>
        <code>Assets/Source/Cut.xaml.vb.txt</code>
        <icon>Assets/images/small_bullet.png</icon>
      </item>
      <item>
        <id>Densify</id>
        <xaml>ArcGISSilverlightSDK.Densify</xaml>
        <source>Assets/Source/Densify.xaml</source>
        <code>Assets/Source/Densify.xaml.vb.txt</code>
        <icon>Assets/images/small_bullet.png</icon>
      </item>
      <item>
        <id>Difference</id>
        <xaml>ArcGISSilverlightSDK.Difference</xaml>
        <source>Assets/Source/Difference.xaml</source>
        <code>Assets/Source/Difference.xaml.vb.txt</code>
        <icon>Assets/images/small_bullet.png</icon>
      </item>
      <item>
        <id>Distance</id>
        <xaml>ArcGISSilverlightSDK.Distance</xaml>
        <source>Assets/Source/Distance.xaml</source>
        <code>Assets/Source/Distance.xaml.vb.txt</code>
        <icon>Assets/images/small_bullet.png</icon>
      </item>
      <item>
        <id>Generalize</id>
        <xaml>ArcGISSilverlightSDK.Generalize</xaml>
        <source>Assets/Source/Generalize.xaml</source>
        <code>Assets/Source/Generalize.xaml.vb.txt</code>
        <icon>Assets/images/small_bullet.png</icon>
      </item>
      <item>
        <id>Intersect</id>
        <xaml>ArcGISSilverlightSDK.Intersect</xaml>
        <source>Assets/Source/Intersect.xaml</source>
        <code>Assets/Source/Intersect.xaml.vb.txt</code>
        <icon>Assets/images/small_bullet.png</icon>
      </item>
      <item>
        <id>Label Points</id>
        <xaml>ArcGISSilverlightSDK.LabelPoints</xaml>
        <source>Assets/Source/LabelPoints.xaml</source>
        <code>Assets/Source/LabelPoints.xaml.vb.txt</code>
        <icon>Assets/images/small_bullet.png</icon>
      </item>
      <item>
        <id>Line Length</id>
        <xaml>ArcGISSilverlightSDK.Lengths</xaml>
        <source>Assets/Source/Lengths.xaml</source>
        <code>Assets/Source/Lengths.xaml.vb.txt</code>
        <icon>Assets/images/small_bullet.png</icon>
      </item>
      <item>
        <id>Offset</id>
        <xaml>ArcGISSilverlightSDK.Offset</xaml>
        <source>Assets/Source/Offset.xaml</source>
        <code>Assets/Source/Offset.xaml.vb.txt</code>
        <icon>Assets/images/small_bullet.png</icon>
      </item>
      <item>
        <id>Project</id>
        <xaml>ArcGISSilverlightSDK.Project</xaml>
        <source>Assets/Source/Project.xaml</source>
        <code>Assets/Source/Project.xaml.vb.txt</code>
        <desc>Assets/Description/Project.txt</desc>
        <icon>Assets/images/small_bullet.png</icon>
      </item>
      <item>
        <id>Relation</id>
        <xaml>ArcGISSilverlightSDK.Relation</xaml>
        <source>Assets/Source/Relation.xaml</source>
        <code>Assets/Source/Relation.xaml.vb.txt</code>      
        <icon>Assets/images/small_bullet.png</icon>
      </item>
      <item>
        <id>Reshape</id>
        <xaml>ArcGISSilverlightSDK.Reshape</xaml>
        <source>Assets/Source/Reshape.xaml</source>
        <code>Assets/Source/Reshape.xaml.vb.txt</code>
        <icon>Assets/images/small_bullet.png</icon>
      </item>
      <item>
        <id>Simplify</id>
        <xaml>ArcGISSilverlightSDK.Simplify</xaml>
        <source>Assets/Source/Simplify.xaml</source>
        <code>Assets/Source/Simplify.xaml.vb.txt</code>       
        <icon>Assets/images/small_bullet.png</icon>
      </item>
      <item>
        <id>Trim or Extend</id>
        <xaml>ArcGISSilverlightSDK.TrimExtend</xaml>
        <source>Assets/Source/TrimExtend.xaml</source>
        <code>Assets/Source/TrimExtend.xaml.vb.txt</code>       
        <icon>Assets/images/small_bullet.png</icon>
      </item>
      <item>
        <id>Union</id>
        <xaml>ArcGISSilverlightSDK.Union</xaml>
        <source>Assets/Source/Union.xaml</source>
        <code>Assets/Source/Union.xaml.vb.txt</code>        
        <icon>Assets/images/small_bullet.png</icon>
      </item>
    </items>
  </Category>
  <Category>
    <name>Bing Maps</name>
    <icon>Assets/images/globe-16x16.png</icon>
    <items>
      <item>
        <id>Imagery</id>
        <xaml>ArcGISSilverlightSDK.BingImagery</xaml>
        <source>Assets/Source/BingImagery.xaml</source>
        <code>Assets/Source/BingImagery.xaml.vb.txt</code>        
        <icon>Assets/images/small_bullet.png</icon>
      </item>
      <item>
        <id>Routing</id>
        <xaml>ArcGISSilverlightSDK.BingRouting</xaml>
        <source>Assets/Source/BingRouting.xaml</source>
        <code>Assets/Source/BingRouting.xaml.vb.txt</code>       
        <icon>Assets/images/small_bullet.png</icon>
      </item>
    </items>
  </Category>
  <Category>
    <name>Image Services</name>
    <icon>Assets/images/globe-16x16.png</icon>
    <items>
      <item>
        <id>Simple</id>
        <xaml>ArcGISSilverlightSDK.SimpleImageService</xaml>
        <source>Assets/Source/SimpleImageService.xaml</source>
        <code>Assets/Source/SimpleImageService.xaml.vb.txt</code>       
        <icon>Assets/images/small_bullet.png</icon>
      </item>      
      <item>
        <id>Query</id>
        <xaml>ArcGISSilverlightSDK.QueryImageService</xaml>
        <source>Assets/Source/QueryImageService.xaml</source>
        <code>Assets/Source/QueryImageService.xaml.vb.txt</code>        
        <icon>Assets/images/small_bullet.png</icon>
      </item>
      <item>
        <id>Shaded Relief, Slope</id>
        <xaml>ArcGISSilverlightSDK.ShadedReliefImageService</xaml>
        <source>Assets/Source/ShadedReliefImageService.xaml</source>
        <code>Assets/Source/ShadedReliefImageService.xaml.vb.txt</code>
        <desc>Assets/Description/ShadedReliefImageService.txt</desc>
        <icon>Assets/images/small_bullet.png</icon>
      </item>
      <item>
        <id>Stretch</id>
        <xaml>ArcGISSilverlightSDK.StretchImageService</xaml>
        <source>Assets/Source/StretchImageService.xaml</source>
        <code>Assets/Source/StretchImageService.xaml.vb.txt</code>
        <desc>Assets/Description/StretchImageService.txt</desc>
        <icon>Assets/images/small_bullet.png</icon>
      </item>      
    </items>
  </Category>
	<Category>
		<name>JSON</name>
		<icon>Assets/images/globe-16x16.png</icon>
		<items>
			<item>
				<id>FeatureSet</id>
				<xaml>ArcGISSilverlightSDK.FeatureSetJson</xaml>
				<source>Assets/Source/FeatureSetJson.xaml</source>
				<code>Assets/Source/FeatureSetJson.xaml.vb.txt</code>
				<desc>Assets/Description/FeatureSetJson.txt</desc>
				<icon>Assets/images/small_bullet.png</icon>
			</item>
			<item>
				<id>FeatureLayer</id>
				<xaml>ArcGISSilverlightSDK.FeatureLayerFromJson</xaml>
				<source>Assets/Source/FeatureLayerFromJson.xaml</source>
				<code>Assets/Source/FeatureLayerFromJson.xaml.vb.txt</code>
				<desc>Assets/Description/FeatureLayerFromJson.txt</desc>
				<icon>Assets/images/small_bullet.png</icon>
			</item>
      <item>
        <id>Renderers</id>
        <xaml>ArcGISSilverlightSDK.RendererJson</xaml>
        <source>Assets/Source/RendererJson.xaml</source>
        <code>Assets/Source/RendererJson.xaml.vb.txt</code>
        <desc>Assets/Description/RendererJson.txt</desc>
        <icon>Assets/images/small_bullet.png</icon>
      </item>
      <item>
        <id>Symbols</id>
        <xaml>ArcGISSilverlightSDK.SymbolJson</xaml>
        <source>Assets/Source/SymbolJson.xaml</source>
        <code>Assets/Source/SymbolJson.xaml.vb.txt</code>
        <desc>Assets/Description/SymbolJson.txt</desc>
        <icon>Assets/images/small_bullet.png</icon>
      </item>
		</items>
	</Category>
	<Category>
		<name>WebMaps</name>
		<icon>Assets/images/globe-16x16.png</icon>
		<items>
			<item>
				<id>Load WebMap</id>
				<xaml>ArcGISSilverlightSDK.LoadWebMap</xaml>
				<source>Assets/Source/LoadWebMap.xaml</source>
				<code>Assets/Source/LoadWebMap.xaml.vb.txt</code>				
				<desc>Assets/Description/LoadWebMap.txt</desc>
				<icon>Assets/images/small_bullet.png</icon>
			</item>
			<item>
				<id>Load WebMap Dynamically</id>
				<xaml>ArcGISSilverlightSDK.LoadWebMapDynamically</xaml>
				<source>Assets/Source/LoadWebMapDynamically.xaml</source>
				<code>Assets/Source/LoadWebMapDynamically.xaml.vb.txt</code>
				<desc>Assets/Description/LoadWebMapDynamically.txt</desc>
				<icon>Assets/images/small_bullet.png</icon>
			</item>
			<item>
				<id>Load Secure WebMap</id>
				<xaml>ArcGISSilverlightSDK.LoadSecureWebMap</xaml>
				<source>Assets/Source/LoadSecureWebMap.xaml</source>
				<code>Assets/Source/LoadSecureWebMap.xaml.vb.txt</code>
				<desc>Assets/Description/LoadSecureWebMap.txt</desc>
				<icon>Assets/images/small_bullet.png</icon>
			</item>
			<item>
				<id>Load WebMap with Proxy</id>
				<xaml>ArcGISSilverlightSDK.LoadWebMapWithProxy</xaml>
				<source>Assets/Source/LoadWebMapWithProxy.xaml</source>
				<code>Assets/Source/LoadWebMapWithProxy.xaml.vb.txt</code>
				<desc>Assets/Description/LoadWebMapWithProxy.txt</desc>
				<icon>Assets/images/small_bullet.png</icon>
			</item>
			<item>
				<id>Load WebMap with Bing</id>
				<xaml>ArcGISSilverlightSDK.LoadWebMapWithBing</xaml>
				<source>Assets/Source/LoadWebMapWithBing.xaml</source>
				<code>Assets/Source/LoadWebMapWithBing.xaml.vb.txt</code>
				<desc>Assets/Description/LoadWebMapWithBing.txt</desc>
				<icon>Assets/images/small_bullet.png</icon>
			</item>

			<item>
				<id>Map Notes with Popups</id>
				<xaml>ArcGISSilverlightSDK.WebMapNotesPopups</xaml>
				<source>Assets/Source/WebMapNotesPopups.xaml</source>
				<code>Assets/Source/WebMapNotesPopups.xaml.vb.txt</code>
				<desc>Assets/Description/WebMapNotesPopups.txt</desc>
				<icon>Assets/images/small_bullet.png</icon>
			</item>
			<item>
				<id>Feature Service with Popups</id>
				<xaml>ArcGISSilverlightSDK.WebMapFeatureServicePopups</xaml>
				<source>Assets/Source/WebMapFeatureServicePopups.xaml</source>
				<code>Assets/Source/WebMapFeatureServicePopups.xaml.vb.txt</code>
				<desc>Assets/Description/WebMapFeatureServicePopups.txt</desc>
				<icon>Assets/images/small_bullet.png</icon>
			</item>
			<item>
				<id>Dynamic Service with Popups</id>
				<xaml>ArcGISSilverlightSDK.WebMapDynamicServicePopups</xaml>
				<source>Assets/Source/WebMapDynamicServicePopups.xaml</source>
				<code>Assets/Source/WebMapDynamicServicePopups.xaml.vb.txt</code>
				<desc>Assets/Description/WebMapDynamicServicePopups.txt</desc>
				<icon>Assets/images/small_bullet.png</icon>
			</item>
			<item>
				<id>Tiled Service with Popups</id>
				<xaml>ArcGISSilverlightSDK.WebMapTiledServicePopups</xaml>
				<source>Assets/Source/WebMapTiledServicePopups.xaml</source>
				<code>Assets/Source/WebMapTiledServicePopups.xaml.vb.txt</code>
				<desc>Assets/Description/WebMapTiledServicePopups.txt</desc>
				<icon>Assets/images/small_bullet.png</icon>
			</item>
			<item>
				<id>Mobile Content Server</id>
				<xaml>ArcGISSilverlightSDK.WebMapMobileContentServer</xaml>
				<source>Assets/Source/WebMapMobileContentServer.xaml</source>
				<code>Assets/Source/WebMapMobileContentServer.xaml.vb.txt</code>
				<desc>Assets/Description/WebMapMobileContentServer.txt</desc>
				<icon>Assets/images/small_bullet.png</icon>
			</item>
		</items>
	</Category>
  <Category>
    <name>SOEs</name>
    <icon>Assets/images/globe-16x16.png</icon>
    <items>
      <item>
        <id>Elevation - Data Contract</id>
        <xaml>ArcGISSilverlightSDK.SOEElevationLatLonDataContract</xaml>
        <source>Assets/Source/SOEElevationLatLonDataContract.xaml</source>
        <code>Assets/Source/SOEElevationLatLonDataContract.xaml.vb.txt</code>
        <icon>Assets/images/small_bullet.png</icon>
      </item>
      <item>
        <id>Elevation - JsonObject</id>
        <xaml>ArcGISSilverlightSDK.SOEElevationLatLonJsonObject</xaml>
        <source>Assets/Source/SOEElevationLatLonJsonObject.xaml</source>
        <code>Assets/Source/SOEElevationLatLonJsonObject.xaml.vb.txt</code>
        <icon>Assets/images/small_bullet.png</icon>
      </item>
      <item>
        <id>Elevation Data</id>
        <xaml>ArcGISSilverlightSDK.SOEElevationData</xaml>
        <source>Assets/Source/SOEElevationData.xaml</source>
        <code>Assets/Source/SOEElevationData.xaml.vb.txt</code>
        <icon>Assets/images/small_bullet.png</icon>
      </item>
    </items>
  </Category>
  <Category>
    <name>Spatial Data Service</name>
    <icon>Assets/images/globe-16x16.png</icon>
    <items>
      <item>
        <id>Graphics Layer</id>
        <xaml>ArcGISSilverlightSDK.SDSGraphicsLayer</xaml>
        <source>Assets/Source/SDSGraphicsLayer.xaml</source>
        <code>Assets/Source/SDSGraphicsLayer.xaml.vb.txt</code>        
        <icon>Assets/images/small_bullet.png</icon>
      </item>
      <item>
        <id>Feature Layer</id>
        <xaml>ArcGISSilverlightSDK.SDSFeatureLayer</xaml>
        <source>Assets/Source/SDSFeatureLayer.xaml</source>
        <code>Assets/Source/SDSFeatureLayer.xaml.vb.txt</code>        
        <icon>Assets/images/small_bullet.png</icon>
      </item>
      <item>
        <id>Renderers using XAML</id>
        <xaml>ArcGISSilverlightSDK.SDSRenderersXAML</xaml>
        <source>Assets/Source/SDSRenderersXAML.xaml</source>
        <code>Assets/Source/SDSRenderersXAML.xaml.vb.txt</code>       
        <icon>Assets/images/small_bullet.png</icon>
      </item>
      <item>
        <id>Spatial Query</id>
        <xaml>ArcGISSilverlightSDK.SDSSpatialQuery</xaml>
        <source>Assets/Source/SDSSpatialQuery.xaml</source>
        <code>Assets/Source/SDSSpatialQuery.xaml.vb.txt</code>       
        <icon>Assets/images/small_bullet.png</icon>
      </item>
      <item>
        <id>Only Spatial Data Service Layers</id>
        <xaml>ArcGISSilverlightSDK.SDSMap</xaml>
        <source>Assets/Source/SDSMap.xaml</source>
        <code>Assets/Source/SDSMap.xaml.vb.txt</code>       
        <icon>Assets/images/small_bullet.png</icon>
      </item>
    </items>
  </Category>
</ArcGISSilverlightSDK>
