Stid,Longitude,Latitude,Precipitation6h
54094,129.60,44.57,0
50862,128.01,46.98,0
50955,126.30,45.38,0
50758,125.90,47.16,0
50442,124.11,50.40,0
54096,131.15,44.38,0.300000011920929
50658,125.88,48.05,0
50950,125.25,45.70,0
50756,126.97,47.43,0.00999999977648258
50136,122.52,52.97,0
50968,127.97,45.22,0.00999999977648258
50353,126.65,51.72,0
50853,126.96,46.61,0
50854,125.32,46.38,0
50349,124.33,51.70,0
50978,130.95,45.28,0
57673,112.88,28.68,0
57612,106.65,29.01,0
57333,108.66,31.95,0.00999999977648258
57502,105.70,29.70,0
57348,109.50,31.05,7
57512,106.28,29.96,0
57426,107.80,30.68,10
50527,119.75,49.22,0
52267,101.07,41.95,0
53068,112.00,43.65,0
53195,113.71,43.83,0
53343,109.96,41.76,0
53352,110.43,41.70,0
53391,114.00,41.90,0
53419,107.00,40.33,0
53433,108.65,40.73,0
53467,111.18,40.26,0
53472,112.56,40.86,0
53513,107.40,40.77,0
54102,116.07,43.95,0.00999999977648258
54113,118.65,43.53,0
54225,119.91,42.28,0
54606,115.73,38.23,0
53599,114.66,39.35,0.5
54423,117.93,40.97,0
53687,113.63,37.78,0
51701,75.40,40.51,0.600000023841858
57707,105.23,27.30,0
57741,109.18,27.71,0.600000023841858
57806,105.91,26.25,0.100000001490116
57816,106.72,26.58,0
57827,107.51,26.26,2
57839,109.15,26.23,0.100000001490116
57906,106.08,25.18,1
57907,104.90,25.08,2
58040,119.13,34.83,0.400000005960464
58265,121.60,32.07,0
58259,120.85,32.01,0.100000001490116
58038,118.75,34.10,0.400000005960464
58158,120.48,33.20,2
58252,119.46,32.18,0
58847,119.28,26.08,0
58927,117.02,25.10,0
58737,118.31,27.05,0
58944,119.78,25.52,0
58918,116.41,25.05,0
58820,117.16,26.90,0
59113,116.81,24.73,0
58837,118.15,26.16,0
57731,108.25,27.95,3
54857,120.33,36.07,0.00999999977648258
54776,122.68,37.40,0
54823,116.98,36.68,0
54725,117.53,37.50,0
54821,117.11,36.98,0
54753,120.32,37.62,0
54842,119.95,36.76,0
54727,117.56,36.73,0
54843,119.08,36.70,0
54863,121.17,36.77,0
56125,96.48,32.20,0
57996,114.31,25.13,0
59298,114.41,23.08,0
59316,116.68,23.40,0
59097,114.20,24.05,0
59088,113.40,24.16,0
59116,116.68,24.35,0
59303,115.76,23.93,0
59082,113.58,24.80,0
59072,112.38,24.78,0.400000005960464
59087,113.53,23.87,0
59673,112.77,21.73,0
58715,116.65,27.58,0
57798,114.60,27.40,0.400000005960464
58622,117.58,28.95,0
58626,117.21,28.30,0
58906,115.80,25.60,0
57799,114.97,27.12,0
57894,114.16,26.58,0
58502,116.00,29.73,0.5
57789,113.93,27.13,0
58506,115.98,29.58,21
58806,115.83,26.36,0
58718,116.38,27.20,0
57896,114.50,26.33,0
58637,118.03,28.36,0
58705,115.41,27.33,0
58634,118.25,28.68,0
58507,115.10,29.28,0.00999999977648258
58529,117.98,29.35,6
58804,115.35,26.35,0
57598,114.58,29.03,0.00999999977648258
59102,115.65,24.95,0
57793,114.38,27.80,0
57696,114.78,28.41,35
58608,115.55,28.06,0
52633,98.41,38.81,0
58457,120.17,30.23,0.00999999977648258
58646,119.92,28.45,0
58467,121.21,30.26,0
58464,121.08,30.61,0
58553,120.88,30.03,0.5
58742,119.55,28.11,0.00999999977648258
50468,127.45,50.25,0.00999999977648258
50745,123.92,47.38,0.00999999977648258
50888,132.18,46.32,0.200000002980232
50564,127.35,49.43,0.00999999977648258
50779,134.28,48.36,4
50873,130.28,46.81,0.00999999977648258
50246,124.71,52.31,0
50557,125.23,49.17,2
50774,128.90,47.72,0
50674,129.43,48.56,1
50788,131.98,47.23,1
50739,123.18,47.33,0
50742,124.48,47.80,0.100000001490116
57972,113.03,25.80,0
57679,113.08,28.20,0
57649,109.73,28.31,2
57872,112.60,26.90,0
57857,111.51,26.36,3
57841,109.48,26.66,0
57965,111.60,25.53,0
56080,102.90,35.00,0
52984,103.18,35.58,0
52889,103.88,36.05,0
56096,104.92,33.40,0
52679,102.66,37.91,0
53923,107.63,35.73,0
52652,100.43,38.93,0
57014,105.88,34.55,0
52446,99.51,40.30,0
52418,94.68,40.15,0
52884,103.93,36.34,1
52546,99.83,39.36,0
53821,107.30,36.58,0
52996,105.00,35.38,0
52993,105.08,35.68,0
52797,104.05,37.18,0
53926,107.71,35.40,0
52895,104.68,36.56,0
57105,105.60,33.33,0
56092,104.65,35.00,3
56074,102.08,34.00,0
52656,100.81,38.45,0
52681,103.08,38.63,0
56093,104.01,34.43,0
52661,101.08,38.80,0
53908,105.40,35.11,0.00999999977648258
52787,102.87,37.20,0
57004,104.88,34.73,0
56192,104.75,32.93,0
52424,95.76,40.53,0
52674,101.96,38.23,0
52436,97.03,40.27,0
52983,104.15,35.86,0
58326,117.86,31.95,0
58236,118.30,32.30,0.699999988079071
58311,116.50,31.75,27
58429,117.78,30.96,0
58102,115.77,33.88,7
58118,116.53,33.28,30
58215,116.78,32.55,56
54662,121.63,38.90,0
54339,123.00,41.08,0.00999999977648258
54346,123.78,41.31,0
54351,124.05,41.90,0
54337,121.12,41.13,0
54471,122.20,40.67,0
54579,122.58,39.26,0
54243,124.11,42.78,0
54324,120.45,41.55,0
54470,122.06,40.98,0
54472,122.71,40.88,0
54365,125.35,41.26,0
54452,119.81,40.80,0
54660,121.23,38.81,0
54259,124.95,42.10,0
54342,123.43,41.77,0
54454,120.35,40.35,0
54563,121.75,39.73,0
54333,122.80,41.98,0
54486,123.28,40.28,0
54326,119.70,41.38,0
54334,121.23,41.51,0
54584,122.95,39.71,0
54236,122.53,42.42,0
54455,120.70,40.58,0
54497,124.33,40.05,0.00999999977648258
53980,114.80,36.55,0
53399,114.70,41.15,0
54405,115.50,40.40,0
57067,111.03,34.05,3
57071,112.43,34.83,0.00999999977648258
57083,113.65,34.72,0.300000011920929
57297,114.05,32.13,31
59644,109.10,21.48,0
59211,106.60,23.90,19
59023,108.05,24.70,0.00999999977648258
59065,111.53,24.41,10
59265,111.30,23.48,0
59453,110.16,22.65,0
59238,108.80,23.21,0
59037,108.10,23.93,3
59626,107.96,21.53,0
59012,106.56,24.78,17
59058,110.52,24.20,7
59209,105.95,23.30,13
59227,107.15,23.08,0
59034,108.83,24.50,0.00999999977648258
52818,94.90,36.42,0
55598,91.76,29.25,0.00999999977648258
56116,95.60,31.42,0
56223,95.83,30.75,0.00999999977648258
55655,85.96,28.18,0
55437,81.25,30.28,0
56137,97.17,31.15,0
55299,92.07,31.48,0.00999999977648258
56202,93.28,30.66,0
56018,95.30,32.90,0
57922,107.55,25.83,4
57710,106.41,27.81,0
56792,104.96,25.80,3
56793,104.61,25.78,1
57910,106.08,25.76,2
57916,106.77,25.43,0.100000001490116
57926,107.88,25.41,28
57932,108.53,25.97,7
59981,112.33,16.83,0
59941,109.51,18.76,0
59948,109.52,18.23,0
59954,110.03,18.50,0
59849,109.83,19.03,0
53446,109.85,40.66,0
56571,102.27,27.90,0.00999999977648258
56144,98.58,31.80,0
56188,103.66,30.98,0
57206,105.85,32.59,0
56671,102.25,26.65,1
56459,101.26,27.93,0.200000002980232
56565,101.51,27.43,2
57604,105.37,28.78,0
56492,104.60,28.80,0
56247,99.10,30.00,0
57313,106.76,31.85,0
57328,107.50,31.20,0
56374,101.97,30.05,0
56172,102.23,31.90,0.00999999977648258
56152,100.33,32.28,0
56182,103.57,32.65,0.200000002980232
57237,108.03,32.07,0.00999999977648258
56386,103.75,29.56,0
56666,101.71,26.58,28
56173,102.55,32.80,0
56462,101.50,29.00,0.00999999977648258
57306,105.97,31.58,0
57405,105.58,30.50,0
56038,98.10,32.98,0
56187,103.83,30.70,0
56196,104.68,31.47,0
56357,100.30,29.05,0.00999999977648258
56385,103.33,29.52,0
50877,129.58,46.30,0
50973,130.55,45.75,0.5
50656,126.51,48.28,4
50844,123.42,46.40,0.00999999977648258
50983,132.97,45.77,3
53231,106.38,41.45,0
54527,117.17,39.10,0
57536,108.78,29.53,17
57633,108.77,28.83,16
57432,108.40,30.76,0
57520,107.06,29.83,19
57517,106.25,29.31,0
57516,106.48,29.52,0
57766,111.47,27.23,0.00999999977648258
57662,111.68,29.05,12
53367,111.23,41.31,0
50425,120.18,50.25,0
50431,121.51,50.78,0
50434,121.70,50.45,0
50514,117.43,49.56,0
50526,120.70,49.28,0
50603,116.82,48.67,0
50618,118.26,48.21,0
50645,124.48,48.46,9
50727,119.95,47.17,0
50833,122.90,46.71,0.00999999977648258
50834,121.23,46.61,5
50913,118.98,45.76,0
50915,116.97,45.52,0
50934,121.55,45.40,0
50937,121.46,45.05,0.00999999977648258
52495,104.50,40.75,0.00999999977648258
52575,102.70,39.30,0
52576,101.68,39.21,0
53083,114.15,44.62,0
53149,110.13,42.53,0
53192,114.95,44.02,0
53272,112.70,42.71,0
53289,113.85,42.25,0
53324,106.98,41.45,0
53336,108.52,41.57,0
53337,108.28,41.10,0
53362,111.68,41.53,0
53368,111.45,41.10,2
53378,112.61,41.30,0
53385,113.51,41.56,0
53420,107.13,40.90,0
53455,110.53,40.55,0
53457,110.18,40.28,0
53464,111.15,40.68,0
53469,111.80,40.38,0
53475,112.51,40.51,0
53483,113.86,40.88,0
53484,113.10,40.43,0
53502,105.75,39.78,0
53505,105.38,39.08,0
53529,107.98,39.10,0
53533,108.73,39.84,0
53545,109.73,39.56,0
53562,111.66,39.91,0
53644,108.83,38.59,0
53730,107.48,38.18,0
54012,117.60,44.58,0
54117,117.53,43.25,0.00999999977648258
54204,115.00,42.30,0
54205,115.98,42.25,0
54208,116.47,42.18,0
54213,119.03,42.95,0
54226,120.70,42.33,0
54305,115.28,41.90,0
54313,118.70,41.93,0
54320,119.35,41.60,0
57574,112.40,29.36,0.100000001490116
57780,113.16,27.86,0
57562,111.36,29.58,2
57642,109.63,28.70,14
57776,112.70,27.30,0
57554,110.17,29.40,4
57752,110.60,27.91,0.00999999977648258
57974,112.36,25.58,0
57874,112.40,26.41,0
57745,109.68,27.45,0.100000001490116
52645,99.35,38.61,0
53487,113.33,40.10,0
53877,112.25,36.16,0
53882,113.06,36.05,0
53963,111.36,35.65,0
53564,111.15,39.38,0
53868,111.50,36.06,0
53859,110.18,36.10,0
53863,111.93,37.05,0
53594,114.18,39.45,0
53764,111.10,37.50,0
53578,112.43,39.30,0
53775,112.58,37.41,0
53588,113.53,39.03,0
53490,114.05,40.43,0
53853,110.95,36.70,0
53664,111.13,38.46,0
53884,113.03,36.51,0
53975,112.40,35.48,0
57052,110.45,34.88,0.00999999977648258
53968,111.80,35.16,0
53959,111.02,35.03,0
53673,112.70,38.75,0.00999999977648258
53787,112.98,37.07,0
53478,112.45,40.00,0.300000011920929
53772,112.55,37.78,0
57682,113.58,28.70,0
57671,112.36,28.85,0
57655,110.40,28.47,1
57774,112.16,27.45,0
57758,111.58,27.06,0.00999999977648258
55591,91.13,29.67,0.00999999977648258
57712,106.40,27.79,0
57722,107.46,27.76,0
57729,107.88,27.23,12
57825,107.98,26.60,0.400000005960464
54764,121.25,37.50,0
54929,117.95,35.25,6
54715,116.56,37.33,0
58034,118.36,34.61,7
54826,117.10,36.25,0.600000023841858
54734,118.01,37.36,0
54751,120.72,37.93,0
54836,118.15,36.18,0.699999988079071
58002,115.55,34.81,2
54909,115.57,35.07,0.5
54916,116.85,35.57,1
53690,114.18,38.85,0
54319,118.66,41.00,0
54311,117.75,41.93,0
54436,118.95,40.40,0
53698,114.42,38.03,0
54539,118.90,39.43,0
54705,115.38,37.36,0
53392,114.60,41.85,0
53593,114.57,39.83,0
59462,111.56,22.76,0
59478,112.78,22.25,0
59658,110.40,21.22,0
59488,113.58,22.28,0
59312,116.63,23.66,0
59485,113.35,22.53,0
59664,111.00,21.50,0
59304,115.18,23.63,0
59317,116.30,23.03,0
59306,115.83,23.43,0
59271,112.43,23.63,2
59117,116.12,24.30,0
59287,113.33,23.16,0
59501,115.37,22.78,0
59280,113.05,23.66,0
59324,117.03,23.43,0
53898,114.37,36.12,0
57051,111.20,34.80,0.00999999977648258
57156,111.50,33.30,11
57178,112.58,33.03,16
57285,113.38,32.36,56
57181,113.05,33.88,11
57193,114.52,33.78,16
57290,114.02,33.00,63
58005,115.66,34.45,4
54900,115.01,35.70,0.00999999977648258
56021,95.78,34.13,0.00999999977648258
58813,116.33,26.85,0
57993,114.95,25.85,0
58527,117.20,29.30,13
58612,116.68,28.70,0.00999999977648258
58606,115.92,28.60,6
58846,119.53,26.33,0
58834,118.17,26.65,0
59126,117.65,24.50,0
58911,116.37,25.85,0
59133,118.91,24.90,0
58754,120.20,27.33,23
58931,118.10,25.72,0
58734,118.11,27.33,0
58818,116.63,26.23,1
58731,118.53,27.92,0
58725,117.43,27.33,0
58730,118.03,27.76,0
58843,120.00,26.88,0
58921,117.35,25.97,0
58926,117.41,25.30,0
58362,121.46,31.41,0
58343,119.93,31.76,0
58345,119.48,31.43,17
58138,118.51,33.00,88
58141,119.03,33.66,19
58047,119.23,34.30,2
58255,120.50,32.38,1
58135,118.21,33.45,11
58358,120.43,31.06,0
58356,120.95,31.41,0
58354,120.31,31.58,0
58130,118.06,33.88,6
58026,118.03,34.35,12
58027,117.15,34.28,37
58150,120.25,33.77,3
58143,119.80,33.80,7
58251,120.32,32.87,76
58241,119.45,32.80,6
58321,117.23,31.87,0
58424,117.05,30.53,0
58203,115.83,32.93,3
58531,118.28,29.71,26
58336,118.51,31.70,0
58122,116.98,33.63,9
58015,116.33,34.41,130
58225,117.66,32.53,33
58437,118.15,30.13,7
58314,116.33,31.40,1
58436,118.98,30.61,0.100000001490116
58520,117.71,29.85,0.00999999977648258
58414,116.28,30.43,0
58450,120.11,30.88,1
58549,119.65,29.11,4
58633,118.87,28.97,0
58477,122.12,30.03,0
58543,119.01,29.61,24
58666,121.88,28.45,0
58665,122.25,28.63,0
58448,119.70,30.23,6
58752,120.61,27.78,0
58569,121.95,29.20,0
58667,121.26,28.08,0
58557,120.06,29.31,0.00999999977648258
58562,121.56,29.86,0
51133,83.00,46.73,0.00999999977648258
51828,79.93,37.13,0.00999999977648258
57608,105.43,28.16,0
56178,102.35,31.00,0.400000005960464
56475,102.51,28.65,0
57503,105.11,29.61,0
56146,100.00,31.62,0
54027,119.40,43.98,0
53357,110.05,41.03,0
53463,111.68,40.82,0
53480,113.07,41.03,0
53512,106.80,39.90,0
53348,109.13,41.01,0
53602,105.66,38.83,0.00999999977648258
52378,102.37,41.37,0
54135,122.27,43.60,0
54218,118.97,42.27,0
54171,126.52,43.70,0
54195,129.76,43.33,0
54041,123.06,44.78,0
54076,126.93,44.41,0
54142,123.53,43.50,0
54285,128.25,42.53,0
54165,125.65,43.50,0
50948,124.01,45.00,0
54263,126.05,42.95,0.00999999977648258
54064,125.16,44.41,0
54266,125.63,42.53,0.00999999977648258
54374,126.92,41.72,3
54276,126.81,42.35,0
54181,127.33,43.70,1
54377,126.15,41.10,0.00999999977648258
54286,129.00,42.53,0.800000011920929
54063,126.00,44.96,0
54284,127.56,42.10,0.300000011920929
50945,124.26,45.50,0
54161,125.22,43.90,0
54049,123.97,44.25,0
54386,128.17,41.35,0
54292,129.47,42.88,0
54157,124.33,43.18,0
54260,125.08,42.91,0
50936,122.83,45.63,0
54371,126.43,41.93,0.00999999977648258
53854,110.06,36.58,0
53735,108.80,37.61,0
57343,109.53,31.90,2
53929,107.80,35.20,0
53754,110.21,37.50,0
57127,107.03,33.07,0
57003,106.83,34.90,0
53651,110.43,38.81,0
57211,106.25,32.83,0
57238,107.86,32.50,0.00999999977648258
53738,108.18,36.83,0
53845,109.50,36.60,0
57245,109.03,32.72,3
53725,107.58,37.58,0
53955,110.45,35.46,0
57030,108.15,34.70,1
57124,106.93,33.63,0
57034,108.21,34.25,0.400000005960464
57106,106.15,33.31,0
57232,108.26,33.05,0
57154,110.90,33.53,3
53948,109.58,34.95,0
54511,116.47,39.80,0
54416,116.86,40.38,0
54406,115.95,40.45,0
52866,101.77,36.62,0
59249,109.61,23.11,0
59046,109.40,24.35,0.100000001490116
59242,109.23,23.75,0
59431,108.35,22.82,0
59632,108.62,21.95,0
59454,110.96,22.91,0
59631,108.35,21.78,0
59021,107.03,24.55,7
59254,110.08,23.40,3
59001,105.35,24.78,7
59446,109.30,22.41,0.00999999977648258
59417,106.75,22.37,0
59228,107.58,23.31,0
57960,111.06,25.93,0.800000011920929
57947,109.40,25.21,0.00999999977648258
59044,109.30,24.40,0.200000002980232
59647,109.10,21.03,0
57957,110.30,25.33,2
54349,124.28,41.30,0
54254,124.05,42.53,0
54476,122.15,40.16,0
57625,107.45,28.55,0.300000011920929
57832,108.67,26.97,0.100000001490116
57840,109.20,26.90,1
57866,111.62,26.23,0
57749,110.00,27.56,0.00999999977648258
59758,110.35,20.03,34
59838,108.62,19.10,0
59288,113.10,23.01,0
59289,113.75,23.03,0
59278,112.47,23.05,0
59663,111.97,21.87,0
54308,116.63,41.22,0
54624,117.35,38.36,0
54534,118.15,39.67,0
54401,114.88,40.78,0
54449,119.60,39.93,0
54618,116.55,38.08,0
54404,115.83,40.90,0
54602,115.57,38.85,0
54518,116.38,39.11,0
59134,118.08,24.48,0
57845,109.78,26.17,7
57853,110.63,26.73,2
57669,111.21,28.38,0.200000002980232
57779,113.35,27.00,0
56444,98.90,28.50,0.00999999977648258
56483,103.95,28.60,0
56533,98.66,27.75,0
56548,99.28,27.16,0
56586,103.75,27.33,0
56643,99.81,26.98,0.600000023841858
56645,99.41,26.41,0.00999999977648258
56651,100.47,26.83,4
56664,101.26,26.63,0.800000011920929
56684,103.28,26.42,0.100000001490116
56739,98.48,25.12,0.200000002980232
56748,99.22,25.13,0.00999999977648258
56763,101.87,25.73,1
56778,102.68,25.02,13
56788,103.66,25.03,1
56838,97.83,24.02,0.400000005960464
56844,98.58,24.41,0.800000011920929
56846,99.90,24.60,0.400000005960464
56849,99.23,24.15,2
56851,100.53,25.05,0
56856,100.86,24.46,0.100000001490116
56875,102.55,24.35,1
56886,103.77,24.53,14
56946,99.40,23.55,3
56954,99.93,22.57,0.899999976158142
56959,100.80,22.02,0.5
56964,100.98,22.77,0.800000011920929
56969,101.58,21.50,0.300000011920929
56973,102.83,23.61,5
56977,101.82,22.62,18
56985,103.38,23.38,12
56986,103.68,22.98,8
56991,104.33,23.61,4
59007,105.07,24.07,5
58419,117.01,30.10,0.300000011920929
58319,116.93,31.05,12
58338,118.35,31.33,3
57537,108.16,29.30,18
57523,107.70,29.88,0.400000005960464
53986,113.88,35.31,0.00999999977648258
57089,113.85,34.01,6
57091,114.38,34.76,0.600000023841858
54945,119.53,35.38,0.300000011920929
54774,122.13,37.48,0
58238,118.80,32.00,0
54429,117.95,40.20,0
53696,113.00,38.51,0
59456,110.93,22.35,2
59493,114.10,22.55,0
59754,110.16,20.33,0
59294,113.81,23.30,0
50832,122.08,46.71,0.00999999977648258
50838,122.05,46.08,0
57889,113.93,26.00,0.00999999977648258
57584,113.08,29.38,0
57761,111.30,27.75,0.00999999977648258
58519,116.68,29.00,4
59321,117.50,23.78,0
58936,118.70,25.36,0
50247,123.66,52.05,0
54623,117.71,39.00,0
57077,111.60,33.78,11
58208,115.67,32.17,17
53798,114.50,37.07,0
55578,88.88,29.25,0.100000001490116
55664,87.08,28.63,0.600000023841858
55228,80.08,32.50,0
56331,97.83,29.66,0
55279,90.02,31.37,0
55773,89.08,27.73,2
55680,89.60,28.91,0.699999988079071
55572,89.10,29.68,0
50445,123.73,50.58,0.00999999977648258
50548,123.72,49.20,0.00999999977648258
50632,121.92,48.77,2
50639,122.73,48.00,36
52607,105.13,38.05,0
53543,109.98,39.83,0
54115,118.07,43.60,0
54024,119.30,44.45,2
54316,118.75,41.51,0
59218,106.41,23.13,0
58760,121.18,27.85,0
58660,121.11,28.86,4
58472,122.45,30.73,0
58556,120.82,29.60,0
53646,109.70,38.23,0
53942,109.50,35.81,0
57134,107.98,33.86,0
57048,108.71,34.40,0.400000005960464
53740,109.23,37.93,0
57037,108.98,34.93,0.00999999977648258
57046,110.08,34.48,0.800000011920929
57025,107.38,34.51,0.00999999977648258
57143,109.96,33.86,1
57049,109.73,34.51,0.00999999977648258
57144,109.15,33.43,0.00999999977648258
57028,107.31,34.03,0
57606,106.83,28.13,0.00999999977648258
57614,106.21,28.33,0.00999999977648258
59985,111.62,16.53,0
54493,124.78,40.72,3
56543,99.70,27.83,5
56697,104.08,26.21,0.00999999977648258
56768,101.53,25.02,0.00999999977648258
56786,103.83,25.58,0.200000002980232
56951,100.22,23.95,1
56966,101.98,23.60,0.100000001490116
57359,110.76,31.23,0.00999999977648258
57581,113.45,29.81,0
57573,112.83,29.83,0
57439,108.93,30.28,12
57259,110.77,32.03,1
53910,106.20,35.66,0
53806,105.65,36.56,0
53817,106.26,36.00,0
53615,106.68,38.81,0
53881,106.48,37.28,0
53612,106.18,37.98,0
53519,106.75,39.20,0
53810,105.91,36.98,0
53903,105.71,35.96,0
53723,107.40,37.78,0
53704,105.18,37.53,0
53614,106.22,38.48,0
53705,105.67,37.48,0
57461,111.30,30.70,8
57445,109.63,30.60,2
57251,110.41,33.00,19
57378,112.57,31.17,12
57355,110.40,31.06,3
57482,113.85,30.93,0.600000023841858
57265,111.67,32.38,9
57493,114.33,30.40,0
58402,115.66,30.73,2
58221,117.37,32.95,71
54525,117.28,39.70,0
54646,118.41,38.43,0
57381,113.38,31.71,6
57278,112.16,32.03,24
57476,112.18,30.33,2
52533,98.48,39.77,0
52323,97.03,41.80,0
53915,106.67,35.55,0
53906,105.71,35.51,0
52447,98.90,40.00,0
52986,103.86,35.36,0
57447,109.47,30.28,4
57358,110.68,31.00,11
57545,109.41,29.51,22
57395,114.11,31.56,19
57458,110.68,30.18,15
57256,110.78,32.65,7
54132,121.06,42.40,0
54231,122.35,42.96,0
54134,121.28,43.60,0
54234,121.78,42.73,0
54047,123.30,44.13,0
54223,120.65,42.85,0
54039,122.01,44.03,0.00999999977648258
54026,120.90,44.57,0.00999999977648258
50928,120.33,45.06,0.300000011920929
57595,114.50,29.60,0
57583,113.91,29.98,0.00999999977648258
58407,115.05,30.25,2
58500,115.16,29.83,5
57279,112.67,32.15,62
57483,113.16,30.66,3
57494,114.13,30.62,4
54936,118.83,35.58,4
58933,116.98,26.91,0.00999999977648258
58744,119.41,27.53,3
57902,105.18,25.43,20
59061,111.26,24.81,0.00999999977648258
59051,110.50,24.76,0.699999988079071
56312,94.47,29.57,0
56227,95.76,29.86,0
55248,84.41,32.15,0
56307,92.58,29.15,5
56317,94.21,29.21,5
55585,90.16,29.43,0.400000005960464
56106,93.78,31.88,0
55472,88.63,30.95,0
56434,97.46,28.65,0
55493,91.10,30.48,0.00999999977648258
54122,120.05,43.88,0
54214,118.41,42.58,0
54287,128.08,42.01,0.800000011920929
54273,126.75,42.98,2
54363,125.90,41.68,0.100000001490116
53553,110.86,39.66,0
53663,111.81,38.93,10
52833,98.48,36.91,0
56029,97.02,33.02,0
56033,98.22,34.92,0
51076,88.08,47.73,0
51087,89.52,46.98,0
51156,85.72,46.78,0
51243,84.85,45.60,0
51431,81.33,43.95,0
51463,87.62,43.78,0
51573,89.20,42.93,0.00999999977648258
51644,82.95,41.72,0
51656,86.13,41.75,0.00999999977648258
51709,75.98,39.47,0
51716,78.57,39.80,0
51747,83.66,39.00,0
51765,87.70,40.63,0
51777,88.17,39.03,0
51811,77.27,38.43,0
52203,93.52,42.82,0.00999999977648258
51053,86.35,48.05,0
51334,82.90,44.62,0
51379,89.57,44.02,0
51467,86.33,42.67,0.00999999977648258
51495,91.63,43.48,0
51542,84.15,43.03,0
51711,78.45,40.93,0
51730,81.05,40.50,0
51818,78.28,37.62,0
52112,95.13,43.76,0
52118,94.70,43.27,0.00999999977648258
51068,87.46,47.11,0
51186,90.38,46.66,0
51241,83.60,45.93,0
51330,81.01,44.96,1
51365,87.53,44.20,0
51367,86.81,44.13,0
51437,81.13,43.15,0
51469,87.11,43.28,0
51470,88.11,43.88,7
51477,88.31,43.35,0.00999999977648258
51526,88.21,42.23,0.699999988079071
51633,81.90,41.78,0.600000023841858
51639,82.78,41.23,0
51642,84.25,41.78,0
51655,86.26,41.35,0.100000001490116
51720,79.05,40.50,0
52101,93.06,43.73,0
51232,82.58,45.18,0
51705,75.20,39.70,0.00999999977648258
51839,82.71,37.06,0.5
51855,85.55,38.15,0
51931,81.66,36.86,0
51346,84.66,44.43,0.00999999977648258
51358,85.81,44.28,0
51567,86.56,42.08,1
51628,80.23,41.16,0.00999999977648258
52313,94.66,41.53,0
51059,85.86,47.43,0
51060,86.86,47.70,0
51238,82.06,44.90,0.00999999977648258
51433,82.56,43.80,0.00999999977648258
51581,90.23,42.85,0.00999999977648258
51704,76.16,39.71,0
51810,77.63,38.91,0
53886,113.66,36.56,0
52745,99.03,37.30,0
52765,101.61,37.38,0
52657,100.25,38.18,0
52908,93.08,35.22,0.400000005960464
52713,95.37,37.85,0
52825,96.41,36.43,0
56004,92.43,34.22,0.00999999977648258
52968,101.46,35.03,0
52874,102.38,36.48,0
52972,102.55,35.83,0
56151,100.75,32.93,0
52856,100.61,36.26,0
52955,100.75,35.58,0
52868,101.43,36.03,0
52943,99.98,35.58,0
52855,101.08,36.75,0
52963,102.03,35.95,0
52836,98.10,36.30,0
56046,99.65,33.75,0
56067,101.48,33.43,0
56043,99.83,34.75,0
52974,102.08,35.50,0
56065,101.60,34.73,0
52754,100.13,37.33,0
57399,114.97,31.18,27
52602,93.38,38.83,0
51886,90.85,38.25,0
52737,97.37,37.37,0
52876,102.85,36.31,0
53276,112.90,42.40,0
58652,120.73,28.86,17
55294,91.10,32.35,0
55569,87.63,29.08,0
55696,92.47,28.42,3
55690,91.95,27.98,0.00999999977648258
55681,90.40,28.96,8
57687,112.87,28.23,0
50953,126.77,45.75,0
51288,90.53,45.37,0
59293,114.68,23.73,0
50949,124.83,45.12,0
50963,128.73,45.97,0
56287,103.00,29.98,0
56751,100.18,25.70,0
59096,114.48,24.37,0
59845,109.58,19.52,0
48820,105.80,21.02,0
48845,105.67,18.70,0
48848,106.58,17.52,0
48855,108.18,16.03,0
48870,109.22,13.77,0
48877,109.20,12.25,0
48917,103.97,10.22,0
48823,106.15,20.43,0
57411,106.08,30.80,0
48810,105.83,22.15,0
48831,105.83,21.60,0
48846,105.90,18.35,0
48863,108.78,15.13,0
54808,115.58,36.03,0
54186,128.20,43.37,0
59855,110.47,19.23,0
56167,101.12,30.98,0
45004,114.17,22.32,0
45032,113.98,22.47,0
59479,114.01,22.10,0
59681,113.95,21.81,0
52707,93.51,36.66,0
56034,97.13,33.80,0
56691,104.28,26.87,0.00999999977648258
56079,102.97,33.58,0
56257,100.27,30.00,0
47008,129.82,41.78,0
47041,127.55,39.93,0
47055,127.43,39.18,0
47058,125.78,39.03,0
47069,125.70,38.03,0
47105,128.90,37.75,0
47115,130.90,37.48,0
47135,128.00,36.22,0
47138,129.38,36.03,0
47159,129.03,35.10,0
47165,126.38,34.78,0
47184,126.53,33.52,0
23955,77.87,60.43,0
29838,83.70,53.33,0
30372,118.37,56.92,0
30673,119.78,53.73,0
30935,108.75,50.37,0
30965,116.52,50.38,0
31088,143.20,59.37,0
31168,138.15,56.45,0
31369,140.70,53.15,0
31371,126.00,52.78,0
31416,136.50,52.42,0
31594,130.08,49.42,0
31707,130.97,47.73,0
31735,135.17,48.52,0
31960,131.90,43.12,0
32053,143.13,51.92,0
32061,142.17,50.90,0
47028,124.93,40.45,0
47031,127.25,40.37,0
47046,128.18,40.03,0
47052,126.83,39.17,0
47060,125.37,38.72,0
47061,128.18,38.73,0
47067,126.53,38.50,0
47068,124.88,38.20,0
47070,126.57,37.97,0
47075,127.30,38.40,0
98223,120.53,18.18,18
98325,120.33,16.05,0
98328,120.60,16.42,10
98440,122.98,14.13,0
98444,123.73,13.13,12
98543,123.62,12.37,0
98550,125.00,11.25,0
98618,118.73,9.75,10
98630,121.03,10.85,0
98637,122.57,10.70,4
98755,126.33,8.37,0
98836,122.07,6.90,3
48839,107.72,20.13,0
48830,106.77,21.83,0
44241,106.07,48.92,0
44285,102.77,46.90,0
44287,100.68,46.13,0
44292,106.98,47.93,0
44294,107.48,47.30,0
44304,110.67,47.32,0
44305,113.28,46.68,0
44341,106.28,45.77,0
44347,105.32,44.42,0
44354,110.12,44.90,0
44358,111.90,43.73,0
44373,104.42,43.58,0
29023,81.98,59.93,0
29122,80.95,59.05,0
30230,108.12,57.77,0
30385,121.48,56.58,0
30650,112.77,53.22,0
30844,110.50,51.35,0
31829,138.98,47.32,0
48875,108.08,12.68,0
42361,78.25,26.23,0
42452,75.85,25.15,0
42559,77.32,24.65,0
42667,77.35,23.28,0
42809,88.45,22.65,0
43003,72.85,19.12,0
43014,75.40,19.85,0
43117,75.90,17.67,0
43128,78.47,17.45,0
43185,81.15,16.20,0
43189,82.23,16.95,0
43233,76.43,14.23,0
43237,77.62,14.68,0
43245,79.98,14.45,0
43279,80.18,13.00,0
43284,74.88,12.92,0
43321,77.05,11.03,0
43344,78.72,10.77,0
43371,76.95,8.48,0
27595,49.18,55.78,0
44256,114.40,49.55,0
44265,91.63,46.12,0
44275,98.08,46.83,0
44302,112.12,47.78,0
44336,103.90,45.45,0
24143,124.00,68.73,0
24343,123.40,66.77,0
24738,117.65,62.15,0
24966,134.45,60.38,0
29313,79.37,57.53,0
29612,78.40,55.37,0
29698,99.03,54.88,0
30758,113.33,52.02,0
30949,111.97,49.57,0
32027,141.63,52.22,0
38927,67.27,37.23,0
98232,121.63,18.37,0
98526,120.20,12.00,6
98653,125.50,9.80,0.300000011920929
33345,30.45,50.40,0
33393,23.95,49.82,0
33791,33.33,47.93,0
33837,30.63,46.48,0
33946,33.98,45.02,0
34300,36.28,49.93,0
37472,47.43,43.02,0
48025,94.30,23.20,0
48062,92.88,20.13,0
48109,93.37,14.12,0
48112,98.58,9.97,0
48327,98.98,18.78,0
48331,100.77,18.77,0
48407,104.87,15.25,0
48432,103.50,14.88,0
48456,100.60,13.92,0
48480,102.12,12.60,0
48500,99.83,11.83,0
24266,133.38,67.55,0
24329,114.28,66.25,0
24671,135.87,63.95,0
24688,143.15,63.27,0
24817,108.02,61.27,0
24944,120.42,60.40,0
29594,98.00,55.95,0
30054,112.58,59.45,0
30433,109.55,55.78,0
30469,116.75,55.12,0
30521,105.17,54.80,0
30554,113.58,54.47,0
30627,105.53,53.10,0
30635,108.98,53.43,0
30664,115.57,53.57,0
30692,123.97,54.00,0
30879,119.62,51.32,0
30925,106.45,50.37,0
36034,81.22,51.50,0
36061,87.17,52.27,0
38696,66.95,39.57,0
58974,122.07,25.63,0
59158,120.68,24.15,0
59358,120.22,23.00,0
59559,120.75,22.00,0
59562,121.15,22.75,0
59567,121.55,22.03,0
59792,116.72,20.67,0
59997,114.37,10.38,0
1001,-8.66,70.93,7
1028,19.02,74.52,0
1152,14.37,67.27,0.699999988079071
3005,-1.17,60.13,0.00999999977648258
3772,-0.44,51.48,0
3917,-6.21,54.65,0
3953,-10.24,51.93,0.200000002980232
4320,-18.66,76.77,0.00999999977648258
6610,6.95,46.82,0.300000011920929
7149,2.40,48.73,0
7510,-0.69,44.83,0
7650,5.23,43.45,0
7761,8.80,41.92,0
8509,-27.09,38.77,0
10637,8.60,50.05,0.00999999977648258
12330,16.83,52.42,0
12375,20.97,52.17,0
12843,19.18,47.43,0
13272,20.28,44.82,4
16560,9.05,39.25,0
17609,33.63,34.88,0
41530,71.58,34.02,0
41660,66.88,30.25,0
42634,69.67,23.25,0
42675,79.95,23.20,0
42754,75.80,22.72,0
42840,72.83,21.20,0
42895,86.93,21.52,0
42971,85.83,20.25,0
43198,74.62,15.85,0
43201,75.63,15.42,0
43213,78.07,15.80,0
43329,79.77,11.77,0
21802,114.08,71.97,0
23678,87.95,63.15,0
23884,90.00,61.60,0
23966,84.08,60.35,0
25400,150.90,65.73,0
29253,89.37,58.43,0
29430,84.97,56.43,0
1241,9.60,63.70,0
7110,-4.41,48.45,0
8001,-8.41,43.37,0
8221,-3.54,40.45,0
8306,2.73,39.55,0
8495,-5.34,36.15,0
10338,9.70,52.47,0
11518,14.28,50.10,7
15420,26.13,44.50,2
15614,23.38,42.65,2
16242,12.23,41.80,0
16320,17.95,40.65,0.00999999977648258
16420,15.55,38.20,0
16597,14.48,35.85,0
16716,23.73,37.90,0
16734,21.70,36.83,0
16754,25.18,35.33,0
17060,28.82,40.97,0
17128,32.98,40.12,0
17170,43.32,38.45,0
20069,76.98,79.50,0
20087,90.62,79.55,0
20292,104.28,77.72,0
20891,102.47,71.98,0
25123,161.28,68.80,0
25913,150.78,59.58,0
25954,166.00,60.35,0
32389,160.83,56.32,0
32618,165.98,55.20,0
29789,96.97,54.22,0
29822,81.33,53.80,0
30328,105.83,56.05,0
30777,117.70,52.27,0
31152,136.10,57.60,0
31624,133.23,49.40,0
31683,140.10,49.60,0
36103,96.10,52.40,0
36231,86.10,50.70,0
36259,88.60,50.00,0
3026,-6.31,58.22,0
3171,-2.86,56.38,0
7015,3.10,50.57,0
7222,-1.59,47.17,0
7460,3.17,45.78,0
7747,2.87,42.73,0
10035,9.55,54.53,0
11036,16.57,48.12,0
12560,19.03,50.23,0
16080,9.28,45.43,0
16310,15.28,40.02,0
16622,22.97,40.52,0
16749,28.08,36.40,0
17038,39.72,41.00,0
17240,30.55,37.75,0
17350,35.42,37.00,0
42071,74.87,31.63,0
42101,76.47,30.33,0
42131,75.73,29.17,0
42165,73.30,28.00,0
42182,77.20,28.58,0
42189,79.40,28.37,0
42328,70.92,26.90,0
42339,73.02,26.30,0
42623,93.90,24.77,0
42798,86.18,22.82,0
43086,79.43,18.77,0
43314,75.78,11.25,0
91165,-159.34,21.98,0.800000011920929
91245,166.65,19.28,0
91285,-155.06,19.72,2
91334,151.85,7.47,0
91348,158.22,6.97,0
91366,167.73,8.73,30
91376,171.38,7.08,0.800000011920929
91408,134.48,7.33,0
91413,138.08,9.48,0
41515,71.78,35.57,0
41560,70.08,33.87,0
41594,72.67,32.05,0
41620,69.47,31.35,0
41685,69.72,29.88,0
41744,66.63,27.83,0
41749,68.37,26.25,0
41768,69.78,25.52,0
40180,34.90,32.00,0
40362,43.48,29.63,0
40373,46.12,28.33,0
40430,39.70,24.55,0
40438,46.72,24.72,0
40743,57.67,36.22,0
40745,59.63,36.27,0
40747,47.00,35.33,0
40754,51.35,35.68,0
40766,47.12,34.27,0
40769,49.40,34.10,0
40800,51.67,32.62,0
40809,59.20,32.87,0
40821,54.40,31.90,0
40841,56.97,30.25,0
40848,52.58,29.53,0
40856,60.88,29.47,0
40875,56.37,27.22,0
40898,60.75,25.42,0
41024,39.15,21.67,0
41128,44.43,17.62,0
41140,42.58,16.90,0
41150,50.65,26.27,0
41194,55.33,25.25,0
41288,58.90,20.67,0
40007,37.22,36.18,0
40045,40.15,35.32,0
40100,35.48,33.82,0
40706,46.28,38.08,0
40712,45.08,37.53,0
40718,49.47,37.47,0
40732,50.67,36.90,0
40736,52.65,36.72,0
40739,55.03,36.42,0
40782,48.30,33.50,0
41136,47.12,17.47,0
41196,55.52,25.33,0
41256,58.28,23.58,0
54093,130.55,44.93,0
50673,130.40,48.88,0
50755,126.10,47.60,0
50749,124.83,47.18,0
50776,130.83,47.56,5
50878,130.71,47.01,0
50659,126.25,48.03,0
50852,126.48,46.86,0
50566,128.46,49.58,0.400000005960464
57876,112.85,26.40,0.00999999977648258
57643,109.83,29.00,9
57973,112.71,25.75,0
57769,111.73,27.23,0
57577,112.16,29.40,0.00999999977648258
57511,106.45,29.85,0
57518,106.51,29.38,0
57510,106.05,29.85,0
57409,105.83,30.18,0
57339,108.90,30.96,0
57519,107.08,29.15,3
54430,118.15,40.76,0
58349,120.63,31.26,0
58341,119.53,31.98,0
58928,117.51,25.00,0
58821,117.46,26.73,0
58735,118.78,27.55,0
59130,118.13,24.71,0
58938,118.98,25.23,0
58934,118.26,25.33,0
59320,117.13,23.76,0
58030,118.10,34.90,14
54814,116.21,36.58,0
58003,115.91,34.96,2
54911,116.30,35.90,1
54819,116.76,36.23,0.5
54810,116.21,36.86,0
54939,118.83,35.25,6
54849,120.00,36.30,0
54731,118.23,37.48,0
54726,117.18,37.71,0
54749,119.93,37.18,0
54802,115.71,36.85,0
58032,118.65,34.93,7
54923,117.91,35.71,0.400000005960464
54913,116.80,35.75,2
54925,117.61,35.46,0.600000023841858
54818,116.43,36.28,0
54918,116.98,35.59,0.699999988079071
54728,117.38,37.76,0
54778,122.38,37.16,0
54832,118.71,36.91,0
54777,122.03,37.18,0
54803,115.95,36.91,0
54935,118.45,35.55,2
54811,116.63,36.93,0
54824,117.95,36.63,0
54714,116.32,37.43,0
54830,118.00,36.83,0
54837,118.83,36.70,0
54816,116.73,36.60,0
54908,115.06,35.30,0.00999999977648258
54738,118.35,37.05,0
54732,118.53,37.88,0.100000001490116
54904,115.50,35.58,0.699999988079071
54943,119.98,35.88,0.00999999977648258
54712,116.88,37.18,0
54724,117.16,37.33,0
54927,117.13,35.11,11
54940,119.20,35.73,1
54905,115.91,35.60,0.600000023841858
54829,117.86,36.81,0
54906,115.43,35.25,0.5
54737,118.13,37.15,0
54917,116.30,35.10,2
59106,115.90,24.58,0
59487,113.28,22.21,0
59318,116.58,23.26,0
59481,113.36,22.95,0
59656,110.76,21.43,0
59750,110.10,20.91,0
59284,113.21,23.38,0
59090,114.06,24.95,0
59276,112.66,23.35,0
59476,113.05,22.53,0
59310,116.18,23.76,0
53685,113.41,38.08,0
58602,115.55,28.85,0.400000005960464
58614,116.26,28.38,0
58631,118.50,28.90,0
58454,120.06,30.53,5
58484,122.18,30.25,0
58458,120.50,30.00,0
58647,119.13,28.08,0
58548,119.46,29.21,0
58745,119.06,27.61,0
58644,119.31,28.61,0
58664,121.35,28.38,0
58643,120.03,28.90,0.00999999977648258
58632,118.63,28.75,0
54098,129.46,44.33,0
50956,126.60,46.00,0
50750,125.30,47.90,0.00999999977648258
50964,128.80,45.83,0
50775,130.33,47.36,4
50962,128.03,45.95,0
50979,130.23,45.26,0
50987,131.13,45.25,0
54092,129.39,44.58,0
50861,127.48,46.88,0
50879,130.51,46.20,0
50741,123.50,47.93,15
50884,131.14,46.63,2
50985,131.86,45.55,0
57871,112.36,26.98,0
57778,112.95,27.10,0
57875,112.50,26.88,0
57762,111.68,27.70,0
52995,104.60,35.53,0.100000001490116
57102,105.71,33.75,0
56084,103.21,34.06,0
57001,105.33,34.75,0
52982,103.56,35.48,0
52784,102.90,37.48,0
53930,107.98,36.45,0
53934,108.01,35.81,0
57110,106.08,33.78,0
52988,103.71,35.36,0
52557,100.16,39.15,0
56071,102.50,34.58,0.00999999977648258
53937,108.00,35.41,0.400000005960464
57002,105.66,34.86,0
57011,106.15,34.75,0
53829,107.90,35.98,0
56095,104.38,34.03,0.00999999977648258
57008,105.30,34.03,0
52978,102.51,35.20,0
52885,103.25,36.75,0.200000002980232
52980,103.30,35.96,0
53925,107.18,35.68,0
57012,106.20,34.98,0
56094,104.36,34.78,0
56091,104.45,34.84,0.00999999977648258
58337,118.18,31.08,0
58323,117.46,31.88,0
58128,117.31,33.30,9
58423,117.78,30.48,0
58432,118.40,30.68,15
58107,115.38,33.06,12
58415,116.58,30.63,5
58421,117.86,30.63,0.200000002980232
58240,119.01,32.68,28
58329,117.90,31.31,0
58523,117.93,29.93,3
58210,116.21,32.56,44
58420,117.21,30.71,0
57865,111.56,26.41,0
54453,120.83,40.76,0
54347,123.16,41.23,0
54331,121.76,41.58,0
54323,120.75,41.81,0
54483,123.90,40.88,0
54348,123.31,41.41,0
54245,123.40,42.50,0
54474,122.33,40.43,0
54321,119.63,41.86,0
54568,121.70,39.08,0
54244,123.33,42.75,0
54330,121.36,41.31,0
54345,123.06,41.20,0
54332,122.71,41.51,0
54575,122.36,39.41,0
54340,123.31,41.65,0
54336,122.43,41.38,0
54249,123.86,42.30,0
54252,124.75,42.73,0
54248,123.53,42.03,0
54325,120.35,41.18,0
53890,114.20,36.71,0
54701,115.21,37.91,0
59451,110.35,22.70,0
59266,111.25,23.41,0
59425,107.38,22.41,0
59640,109.18,21.66,0
59457,110.25,22.31,0
59045,109.73,24.48,0
59022,107.53,24.98,6
59053,110.66,24.61,0
59255,110.38,23.55,3
59419,106.75,22.10,0
59235,108.61,23.41,0
57958,110.31,25.08,0
53962,111.70,35.73,0
53866,111.66,36.23,0
53869,111.71,36.58,0
53852,110.63,36.76,0
53864,111.10,36.40,0
59851,110.33,19.70,0
59757,110.36,20.00,0.00999999977648258
59951,110.36,18.80,0
59945,109.70,18.65,0
59847,109.05,19.26,0
59940,109.16,18.75,0
59848,109.43,19.23,0
59843,110.00,19.73,0
59856,110.75,19.61,0
56473,102.76,28.95,0
56584,103.25,27.70,0
56578,102.75,27.06,0.200000002980232
56474,102.16,28.55,0
56487,103.13,28.33,0
56478,102.43,28.30,0
57401,105.38,30.86,0
57402,105.70,30.76,0
56285,103.51,30.60,0
56498,104.51,28.16,0
56390,104.06,29.66,0
57324,107.10,31.56,0
57204,105.23,32.58,0
57413,106.96,30.85,0
56373,102.85,29.78,0
56297,104.15,30.01,0
57320,107.23,31.93,0
56276,103.80,30.43,0
56190,104.41,31.65,0
57304,105.15,31.65,0
56291,104.28,30.96,0
56399,104.98,29.18,0
57208,105.46,32.01,0
56490,103.90,28.95,0
56186,104.16,31.33,0
56281,103.51,30.20,0
56193,104.52,32.42,0
56272,103.88,30.81,0
56189,103.93,30.98,0
56288,103.91,30.58,0
57308,105.38,31.21,0
56396,104.76,29.35,0
57303,105.91,31.73,0
56296,104.43,30.85,0
56280,103.13,30.10,0
56391,103.81,30.05,0
56494,104.15,28.65,0
56284,103.48,30.41,0
56394,104.43,29.45,0
56278,102.76,30.06,0
57318,106.55,31.06,0
57317,106.41,31.03,0
56380,103.36,29.91,0
56180,103.88,31.70,0
56194,104.46,31.83,0
56183,103.58,31.46,0
56184,103.16,31.43,0
57217,106.28,32.23,0
50787,131.85,47.28,0.00999999977648258
50842,124.43,46.86,0
50778,132.50,47.65,1
50880,131.13,46.71,1
50958,126.96,45.51,0
57522,107.41,29.75,0.00999999977648258
57514,106.23,29.58,0
57437,108.03,30.30,4
57505,105.60,29.41,0
57506,105.88,29.36,0
57525,107.75,29.31,2
57349,109.86,31.06,25
57425,107.35,30.33,22
57585,113.45,29.48,0.00999999977648258
57674,112.10,28.56,0
53384,113.18,41.45,0
57743,109.80,27.88,1
57881,113.25,26.71,0
57777,112.86,27.23,0
57842,109.68,26.88,0.00999999977648258
57846,110.15,26.58,0.899999976158142
57882,113.55,26.78,0
57969,111.33,25.26,0
57886,113.78,26.50,0
52869,101.56,36.51,0
53573,112.70,40.00,0
53856,110.75,36.46,0
53861,111.41,35.88,0
57978,112.55,25.28,0
57772,112.50,27.75,0
57640,109.45,28.58,3
57975,112.33,25.41,0
57976,112.95,25.41,0
54938,118.35,35.05,6
54827,117.15,36.16,1
54841,119.40,36.86,0
54812,116.75,36.78,0
54861,121.48,36.90,0
54871,122.43,36.86,0
58011,116.36,34.88,2
54920,117.23,35.66,0.699999988079071
54807,115.80,36.13,0.00999999977648258
54932,118.66,35.80,0.100000001490116
54736,118.85,37.26,0
54844,119.16,36.41,0.00999999977648258
54846,119.75,36.41,0.00999999977648258
54833,118.06,36.95,0
54914,116.10,35.41,1
54910,116.08,35.80,0.800000011920929
54852,120.70,36.93,0
54834,118.33,36.83,0
54766,121.58,37.38,0
54752,120.75,37.81,0
54722,117.58,37.76,0
54730,118.11,37.68,0
54822,117.71,36.90,0
54848,119.36,35.98,0.00999999977648258
54921,116.43,35.45,2
54855,120.46,36.38,0
54912,116.48,35.71,3
58022,117.80,34.76,35
54723,117.56,37.65,0
54755,120.38,37.35,0
58024,117.56,34.86,34
54831,118.50,36.71,0
54915,116.58,35.45,4
53499,114.73,40.76,0
53794,114.75,37.34,0
54809,115.28,36.55,0
54408,115.21,40.38,0
54603,115.78,38.68,0
54541,119.23,39.88,0
53895,114.50,36.76,0
54702,115.70,37.73,0
53781,114.46,36.86,0
53699,114.96,38.20,0
53695,114.68,38.35,0
53492,114.16,40.11,0
54626,115.81,38.41,0
54820,115.16,36.81,0
59477,112.30,22.18,0
59094,114.11,24.36,0
59075,112.63,24.48,0.00999999977648258
59279,112.88,23.16,0
59074,112.15,24.56,0
59099,114.93,24.45,0
59285,113.58,23.55,0
59270,112.18,23.91,0
59650,110.25,21.36,0
59314,116.16,23.30,0
59659,110.90,21.51,0
57989,113.73,25.10,0
59109,115.73,24.15,0
59480,113.25,22.85,0
59473,112.96,22.76,0
59653,110.85,21.93,0.699999988079071
59290,114.23,23.73,0
59655,110.61,21.65,0
59471,112.03,22.91,0
57786,113.85,27.65,0
58623,117.91,28.46,0
58635,118.20,28.43,1
58624,117.43,28.40,0
58625,117.60,28.41,0
58629,117.70,28.31,0
58615,117.08,28.68,0
57796,114.93,27.80,4
57792,114.68,27.81,0
58627,117.03,28.25,0
58616,116.81,28.20,0
58607,115.10,28.20,0.00999999977648258
58693,115.83,28.70,10
59122,117.75,24.61,0
58935,118.23,25.48,0
58942,119.38,25.71,0
59137,118.56,24.81,0
58822,116.85,26.83,0
58912,116.75,25.71,0
59127,117.81,24.45,0
58824,117.15,26.40,0
59124,117.36,24.51,0
58826,117.80,26.40,0
58823,117.80,26.80,0
58838,118.40,26.00,0
58917,116.10,25.10,0
58932,118.93,25.86,0
59129,117.60,24.13,0
50954,125.08,45.50,0
50655,126.50,48.55,3
50965,128.30,45.45,0.00999999977648258
50646,124.85,48.48,1
50851,126.10,46.68,0
50892,134.00,46.80,3
58361,121.38,31.11,0
58365,121.25,31.38,0
58366,121.45,31.61,0
58367,121.43,31.17,0
58369,121.76,31.05,0
58460,121.16,30.90,0
58461,121.11,31.15,0
58462,121.25,31.00,0
58463,121.45,30.93,0
58140,119.26,33.78,76
58044,119.16,34.60,0.00999999977648258
58131,118.23,33.95,3
58257,120.23,32.08,0
58346,119.81,31.36,0
58452,120.73,30.78,0
58446,119.68,30.65,42
58563,121.71,29.96,0
58443,119.90,31.00,0.600000023841858
58558,120.21,29.26,0
58449,119.93,30.08,0.00999999977648258
58455,120.68,30.51,0
58544,119.26,29.48,0.00999999977648258
58451,120.90,30.85,0
58654,120.06,28.65,0
58547,119.18,29.03,0
58567,121.43,29.30,0
58546,119.88,29.46,0
58542,119.68,29.81,0
58746,119.70,27.56,4
58456,120.53,30.63,0
58750,120.08,27.78,2
58642,119.80,28.88,7
58555,120.88,29.51,0.00999999977648258
58459,120.31,30.20,0.00999999977648258
58566,121.86,29.46,0
58656,120.95,28.11,0
58468,121.15,30.06,0.300000011920929
58565,121.43,29.66,0
51145,83.65,46.55,0
51465,87.10,43.56,0
56580,102.80,27.71,0
56569,102.18,27.41,0.300000011920929
57508,105.45,28.98,0
57605,105.81,28.03,0
56290,104.15,30.83,0
56376,102.68,29.35,0
57416,106.93,30.33,0
57307,105.08,31.10,0
56395,104.66,29.51,0
57415,106.61,30.46,0
57414,106.45,30.55,0
56181,103.66,30.63,0
56198,104.38,31.15,0
56480,103.55,28.83,0
56384,103.48,29.60,0
56382,103.60,29.73,0
56286,104.25,30.55,0
56289,103.86,36.20,0
53481,113.21,40.80,0
58427,117.48,30.66,0.00999999977648258
58116,116.81,33.98,43
58335,118.50,31.56,0
58212,116.70,32.71,26
58320,117.13,31.73,0
58441,119.41,30.88,0.300000011920929
58114,116.20,33.50,13
58330,118.11,31.71,0
58214,116.28,32.33,9
58331,118.36,31.73,0
58127,117.20,32.96,54
58223,117.98,32.78,53
58435,118.53,30.30,0.200000002980232
58438,118.58,30.08,0.800000011920929
58234,118.41,32.45,0.800000011920929
58125,117.55,33.55,6
58316,116.95,31.46,0.00999999977648258
58417,116.13,30.16,0
58428,117.48,30.28,0
58109,115.71,33.16,11
58426,118.13,30.30,1
58534,118.18,29.78,4
54072,126.51,44.81,0
50940,123.16,45.85,0
54164,125.28,43.35,0
50939,122.81,45.33,0
54362,125.75,41.66,0.400000005960464
54154,124.30,43.35,0
54267,125.73,42.25,0.400000005960464
54069,125.80,44.16,0
54274,126.06,42.68,0.100000001490116
54156,124.80,43.51,0
54065,125.66,44.53,0
54261,125.45,42.68,0.00999999977648258
54187,128.91,43.11,0.300000011920929
50946,124.83,45.18,0
54172,126.66,43.51,0
53850,110.18,36.88,0
53841,109.31,36.88,0
53751,110.05,37.59,0
57036,108.93,34.30,0.699999988079071
53931,109.38,36.00,0
57213,106.93,33.00,0
53947,109.06,35.08,0
57044,109.23,34.40,0
53832,108.76,36.76,0
57132,108.61,34.11,1
57119,106.70,33.16,0
57024,107.65,34.45,0.100000001490116
57248,109.33,32.40,0.699999988079071
53848,109.35,36.26,0
53748,109.70,37.18,0
53757,110.11,37.11,0
57022,107.78,34.68,0.200000002980232
53945,109.06,35.43,0
57047,109.31,34.16,2
57042,109.18,34.78,0
53941,109.58,35.18,0
53857,110.18,36.06,0
53567,111.08,37.03,0.699999988079071
57129,107.71,32.98,0
52863,101.95,36.81,0
52862,101.68,26.95,0
52957,100.65,35.27,0
52842,99.08,36.78,0
59635,108.35,21.61,0
59449,109.96,22.26,0
59025,107.36,24.51,0.400000005960464
59031,108.25,24.83,0.00999999977648258
59057,110.18,24.13,0
59229,107.68,23.16,0.200000002980232
57956,110.31,25.41,6
57954,110.18,25.23,3
59047,109.33,24.25,0
59033,108.88,24.83,0.400000005960464
57948,109.25,25.08,0.00999999977648258
59429,107.91,22.10,0
57927,107.16,25.00,11
57955,110.65,25.63,7
59038,108.63,24.05,6
59241,109.68,23.95,0
57949,110.00,24.96,0.400000005960464
59064,111.31,24.55,5
54590,124.15,39.88,0
54475,122.48,40.61,0
54494,124.06,40.46,11
54327,119.35,41.23,0
54569,121.96,39.40,0
59842,109.68,19.90,0
59854,110.10,19.36,0
59469,111.78,22.16,0
59269,111.76,23.15,0
59313,116.98,23.76,0
59470,112.21,22.71,0.00999999977648258
59268,111.53,23.25,0
59319,116.76,23.46,0
54437,118.66,39.50,0
54502,115.96,39.48,0
53899,114.96,36.48,0
53697,114.81,38.01,0
54628,117.48,38.15,0
53792,114.38,37.45,0
54503,115.85,39.05,0
54512,116.28,39.43,0
54700,115.98,38.03,0
54615,116.83,38.58,0
54710,116.16,37.86,0
54304,115.28,40.96,0
54800,115.25,36.98,0
53491,114.40,40.68,0
54703,115.88,37.80,0
54535,118.45,39.28,0
53691,114.56,38.15,0
54631,115.15,37.06,0
53795,114.36,37.65,0
54420,117.31,40.83,0
54520,117.08,39.96,0
54533,118.11,39.55,0
57680,113.06,28.80,0
57981,113.40,25.96,0
57744,109.16,27.36,1
57887,113.11,26.13,0
57566,111.65,29.45,16
57771,112.53,27.93,0
57575,112.56,29.51,0
57868,111.86,26.60,0
57966,111.95,25.60,0
57760,111.43,29.70,0
57666,112.13,28.51,0
57509,106.93,28.95,6
57635,108.98,28.45,3
57431,108.35,30.83,0.00999999977648258
57513,106.63,29.71,0
57345,109.61,31.40,9
57390,114.06,31.80,19
56489,103.63,28.23,0
56567,100.85,27.30,5
56582,103.88,27.76,0
56585,103.36,27.18,0
56594,104.05,27.63,0
56595,104.86,27.43,0
56596,105.05,27.85,0
56641,98.86,26.90,0.00999999977648258
56649,99.96,26.11,0.00999999977648258
56654,100.18,26.58,7
56673,102.91,26.91,1
56688,103.16,26.10,0.300000011920929
56742,99.36,25.90,0
56745,99.95,25.68,0.00999999977648258
56746,99.51,25.46,0
56752,100.56,25.83,0.00999999977648258
56756,100.58,25.48,0.00999999977648258
56757,100.28,25.26,0.300000011920929
56764,101.43,25.53,4
56782,103.55,25.41,2
56835,97.95,24.36,0.00999999977648258
56839,98.96,24.06,3
56840,98.30,24.80,0.00999999977648258
56841,98.68,24.60,2
56842,99.18,24.73,0.100000001490116
56843,99.61,24.83,0.00999999977648258
56862,101.60,24.68,0
56863,102.48,24.93,5
56867,100.88,23.88,2
56871,102.61,24.68,0.300000011920929
56876,102.76,24.23,1
56878,102.75,24.11,2
56882,102.80,24.88,17
56883,103.98,24.83,0.899999976158142
56885,103.45,24.40,12
56889,104.18,24.05,5
56891,104.31,24.85,14
56944,99.26,23.15,2
56950,99.80,23.46,1
56952,100.70,23.50,2
56958,100.41,21.91,0.300000011920929
56961,101.28,23.03,2
56962,101.71,23.43,1
56975,102.43,23.36,3
56976,102.75,23.16,3
56978,102.40,23.00,10
56984,103.15,23.38,14
56989,103.90,22.50,1
58224,117.01,32.65,48
58334,118.38,31.33,0
58433,118.75,30.93,25
58220,117.15,32.46,9
58416,116.65,30.41,0
58108,115.35,33.26,7
58117,116.20,33.15,15
58431,118.31,30.85,10
58530,118.31,29.83,7
58113,116.78,33.93,47
58126,117.86,33.46,18
58016,116.96,34.18,44
58317,116.36,30.86,0
54815,116.23,36.35,0
54922,117.73,35.90,1
54851,120.48,36.86,0
54919,117.00,35.41,0.600000023841858
54729,117.78,37.16,0
58020,117.13,34.85,36
54835,118.55,36.50,0
58340,119.03,31.66,0
58243,119.83,32.98,0
58012,116.56,34.68,41
58154,120.15,33.38,2
58148,119.30,33.23,24
58245,119.41,32.41,0.00999999977648258
54616,116.83,38.33,0
54604,115.33,38.41,0
53680,114.38,38.30,0
53996,114.70,36.45,0
54425,117.48,40.41,0
53894,114.21,36.41,0
54711,116.30,37.68,0
54717,116.40,37.63,0
54607,115.11,38.71,0
54522,117.73,39.88,0
54609,115.51,38.23,0
53397,113.95,41.06,0
53893,114.95,36.76,0
54301,115.70,41.66,0
59297,114.28,23.18,0
59264,111.50,23.45,0
57867,111.28,26.40,0
57860,111.26,27.00,0.00999999977648258
57763,112.00,27.73,0
57781,113.50,27.65,0
57767,111.03,27.11,0.600000023841858
57564,111.13,29.43,0.300000011920929
57661,111.48,28.91,7
57851,110.85,26.45,0.00999999977648258
57688,113.63,28.15,0
57740,109.60,27.95,1
58620,117.13,28.96,0.00999999977648258
58618,116.60,28.23,9
58712,116.78,27.91,0
58713,117.06,27.71,0
58710,116.05,27.76,0
58706,115.83,27.43,0
58714,116.21,27.55,0
58719,116.93,27.29,0
58929,118.15,25.06,0
58923,117.83,25.70,0
58748,119.63,27.15,0
58724,117.30,27.51,0
58940,119.33,26.08,0
58845,119.53,26.50,0
58844,119.15,26.15,1
58839,118.85,26.23,0
59131,118.36,24.96,0
59125,117.31,24.36,0
58819,116.85,26.20,0
59322,117.36,23.98,0
58747,119.35,27.15,4
57274,112.08,32.70,30
57179,113.00,33.28,15
57176,112.43,33.48,8
57169,111.86,33.05,29
57187,112.93,33.06,20
57273,112.85,32.68,47
57261,111.50,33.13,10
57271,112.38,32.55,23
57175,112.23,33.05,28
54519,116.48,39.31,0
54434,118.30,40.15,0
53596,115.15,38.83,0
54610,116.08,38.71,0
54613,116.61,38.70,0
53891,114.68,37.00,0
53883,114.70,37.13,0
54633,115.23,37.51,0
54439,118.71,40.00,0
54532,118.10,39.80,0
53797,114.50,37.28,0
54506,115.85,39.33,0
53789,114.63,37.88,0
54614,116.08,38.45,0
54707,115.98,37.35,0
54612,116.45,38.86,0
53897,114.38,36.38,0
54621,115.18,38.18,0
56575,102.55,27.36,0
56393,104.85,29.76,0
56197,104.18,31.13,0
56381,103.51,30.01,0
56383,103.83,29.83,0
56674,101.73,26.50,4
57309,105.88,30.98,0
56195,104.73,31.78,0
50524,119.43,49.31,0
50647,123.48,48.11,35
53466,111.70,40.80,0
53953,110.85,35.96,0
53961,111.48,35.65,0
59027,107.28,24.26,17
59426,107.90,22.55,0
59052,110.83,24.81,0
59441,109.33,22.80,0.00999999977648258
59041,109.23,24.65,1
57942,110.00,25.80,0.00999999977648258
59230,108.16,23.71,11
59448,109.55,22.26,0
59452,110.55,22.86,0
57941,109.60,25.78,7
59017,106.23,24.28,26
59237,108.28,23.15,0.00999999977648258
59246,109.66,23.60,0
59004,105.10,24.50,4
59435,108.43,22.71,0
59059,110.80,24.18,12
57859,110.61,25.98,1
53788,113.56,37.33,0
53862,111.80,36.84,7
53770,112.35,37.35,0
53780,113.16,37.90,0
53783,113.70,37.60,0
53776,112.76,37.68,0
53786,113.36,37.08,0
53778,112.21,37.18,0
58453,120.63,30.00,0
58659,120.67,28.02,0
58537,118.40,29.16,4
58570,122.30,29.95,0
58751,120.55,27.68,0.00999999977648258
58657,120.28,28.15,32
58559,121.03,29.15,0
53658,110.48,38.03,0.00999999977648258
57247,108.90,32.31,3
57038,108.28,34.28,3
57153,110.30,33.70,5
57055,110.08,34.55,0.00999999977648258
57023,108.10,35.03,0.00999999977648258
57031,108.55,34.81,0.400000005960464
57032,108.20,34.09,0.200000002980232
57016,107.13,34.35,0
57045,109.46,34.50,0
53950,110.15,35.23,0
57040,109.08,34.51,0
57035,108.23,34.55,2
57137,108.31,33.31,0
57020,107.40,34.36,0
57029,108.48,34.50,2
57128,107.33,33.16,0.100000001490116
57233,108.50,32.90,0.00999999977648258
53938,108.33,35.11,0.400000005960464
53756,110.71,37.51,0
57026,107.90,34.40,0.300000011920929
57041,108.78,34.59,0.100000001490116
53750,110.16,37.76,0
57043,109.91,34.88,0.00999999977648258
53946,109.81,35.59,0
57140,109.11,33.66,0.00999999977648258
57027,107.73,34.26,0
57242,109.36,32.84,2
53944,109.31,35.55,0
57039,108.91,34.15,0.600000023841858
57113,106.60,33.95,0
57033,108.81,34.55,0.100000001490116
57254,110.11,32.81,4
53949,109.91,35.18,0
57054,110.56,34.55,0
56646,99.91,26.53,1
56652,100.75,26.68,1
56755,100.48,25.35,0
56761,101.31,25.71,2
56767,101.28,25.18,0.400000005960464
56772,102.50,25.23,14
56775,102.43,25.58,9
56777,102.06,25.15,19
56781,103.26,25.55,6
56785,103.03,25.33,5
56836,97.95,24.70,0.100000001490116
56872,102.61,24.95,27
56880,103.16,24.91,28
56881,103.26,24.73,15
56898,102.40,24.18,2
56949,99.61,22.33,0.300000011920929
56970,102.48,23.70,1
56987,103.23,22.78,15
56992,104.68,23.45,11
56994,104.25,23.38,9
56995,104.41,23.03,5
56996,104.70,23.13,5
53874,111.91,36.26,0
59081,113.26,24.78,0
59071,112.28,24.71,3
57658,110.20,28.01,4
57962,111.65,25.96,0
57971,112.20,25.91,0
57754,110.15,27.35,1
57678,112.55,28.25,0
57870,112.10,26.80,0
57657,110.15,28.28,4
57663,111.95,28.91,0.200000002980232
57985,113.68,25.56,0.00999999977648258
57586,114.03,29.53,0
57462,111.08,30.86,13
57582,113.88,29.71,0
57475,112.88,30.41,0.800000011920929
57438,108.11,30.00,3
57338,108.43,31.20,1
53611,106.55,38.91,0
53517,106.33,39.26,0
53707,105.25,36.93,0
53916,106.31,35.50,0
53727,107.11,37.16,0
53518,106.36,39.00,0
53618,106.23,38.25,0
53914,106.11,35.61,0
53619,106.30,38.11,0
53617,106.06,38.01,0
53610,106.35,38.55,0
57362,110.66,31.75,2
57590,114.33,29.83,0.00999999977648258
57499,114.96,30.10,0
57465,111.45,30.38,2
57387,113.11,31.01,4
57540,109.15,29.68,11
57543,110.03,29.90,2
57589,113.80,29.25,0
57489,114.00,30.58,0
57485,113.43,30.36,3
57377,112.11,31.03,5
52896,104.53,36.60,0
57006,105.75,34.58,0
53928,107.01,35.30,0
52981,103.40,35.66,0
53927,106.63,35.21,0
52985,103.35,35.43,0
57007,105.18,34.18,0
53924,107.40,35.15,0
57111,106.30,33.91,0
56081,103.35,34.70,0
52515,94.88,39.51,0
52643,99.61,38.83,0
52998,104.20,35.13,0
56082,103.50,34.58,0.00999999977648258
53917,106.05,35.21,2
53935,108.35,35.50,0.100000001490116
57466,111.66,30.43,18
57464,111.18,30.46,5
57477,112.15,30.06,0.5
57469,111.76,30.18,3
57571,112.38,29.70,0.00999999977648258
58327,117.28,31.25,1
58129,117.88,33.13,113
57496,114.88,30.40,29
57385,113.81,31.61,33
57492,114.80,30.85,14
57491,114.40,30.86,0.800000011920929
57541,109.48,30.00,27
57368,111.63,31.06,48
57370,112.23,31.71,40
57363,111.83,31.76,30
57361,111.26,31.88,0.899999976158142
57268,111.63,32.26,10
53983,114.41,35.03,0.200000002980232
53985,113.81,35.45,0.00999999977648258
53988,113.66,35.26,0.00999999977648258
53989,113.95,35.05,0.400000005960464
53994,114.06,35.38,0.00999999977648258
53997,114.18,35.15,0.400000005960464
53998,114.65,35.20,1
53978,112.63,35.08,0.00999999977648258
57186,114.00,33.58,20
57185,113.58,33.45,25
57183,113.91,33.80,12
54765,121.40,37.53,0
54853,120.41,36.16,0.00999999977648258
54759,120.81,37.30,0
54907,116.66,35.03,8
56497,104.25,28.06,0
56669,101.68,26.05,5
56766,101.51,25.33,1
56774,102.41,25.53,2
56869,101.96,24.06,0.00999999977648258
56870,102.16,24.66,2
56879,102.91,24.20,0.699999988079071
56948,99.45,22.73,4
58946,119.00,25.43,0
58941,119.56,25.93,0
58836,118.73,26.58,0
58848,116.53,26.20,0
54515,116.70,39.50,0
53790,114.61,37.59,0
53896,114.95,36.35,0
53796,114.88,37.61,0
54605,115.93,38.91,0
54804,115.15,36.30,0
54708,115.71,37.51,0
54719,116.68,38.03,0
53892,114.50,36.60,0
54636,116.10,38.98,0
53682,114.68,38.63,0
54507,115.50,39.35,0
54801,115.66,36.85,0
53694,114.20,38.25,0
54611,115.31,38.95,0
54438,118.86,39.88,0
54640,114.86,36.91,0
59215,106.63,23.33,0
59421,107.25,22.85,4
57964,111.15,25.50,0.00999999977648258
59055,110.43,24.48,0.100000001490116
59015,106.56,24.35,26
59427,108.13,22.13,0
59256,110.91,23.36,0
58264,121.18,32.33,8
58132,118.71,33.70,12
58250,120.15,32.51,37
58146,119.81,33.48,32
59492,114.70,22.93,0
57991,114.55,25.80,0
57990,114.30,25.70,0
57994,114.35,25.40,0
57992,114.70,25.68,0
57995,114.93,25.40,0
58905,115.41,25.96,0
58814,116.35,26.35,0
58903,116.03,25.86,0
58907,115.40,25.15,0
59093,115.03,24.78,0
59091,114.53,24.75,0
58900,115.00,25.86,0
58601,115.38,28.70,4
58605,115.38,28.41,7
57699,114.91,28.23,20
57694,114.38,28.53,0.00999999977648258
57698,114.45,28.11,1
58609,115.81,28.21,0
57565,111.88,29.61,4
57544,109.45,29.46,10
57558,110.46,29.13,2
59063,111.45,25.18,0
57646,109.76,28.56,5
54293,129.83,42.95,0
57453,111.31,30.76,26
78583,-88.29,17.53,6
78458,-70.55,19.75,0
78460,-70.69,19.47,0
78467,-69.37,19.05,0
78479,-68.35,18.56,0
78482,-71.09,18.22,0
78485,-69.66,18.43,0
78486,-69.87,18.43,0
91610,172.92,1.35,0
91762,-171.77,-13.79,0
78016,-64.67,32.37,0
91765,-170.71,-14.32,0
67323,35.38,-23.86,0
78925,-60.99,14.60,0.400000005960464
11010,14.18,48.23,0.200000002980232
11012,14.13,48.05,0.100000001490116
11035,16.37,48.25,0
11101,9.75,47.50,2
11120,11.35,47.27,2
11146,12.95,47.05,6
11150,13.00,47.80,5
11155,13.73,47.82,3
11157,14.13,47.53,0.600000023841858
11190,16.55,47.85,0
11212,13.67,46.60,0
11231,14.33,46.65,0.00999999977648258
11240,15.43,47.00,0
12772,20.80,48.13,0
12822,17.68,47.70,0
12882,21.63,47.48,0.400000005960464
12925,16.98,46.45,0
12942,18.23,46.00,2
12982,20.10,46.25,1
48698,103.98,1.37,0
76342,-101.41,26.88,0
76390,-100.97,25.45,0
76458,-106.41,23.20,0
76571,-102.29,21.88,0
76762,-99.49,17.55,0
11022,15.95,48.77,0
11130,12.17,47.58,8
11204,12.80,46.83,0.00999999977648258
10015,7.90,54.18,0.00999999977648258
10020,8.42,55.02,0.00999999977648258
10055,11.07,54.53,0
10147,10.00,53.63,0
10162,11.42,53.63,0.00999999977648258
10224,8.80,53.05,0.00999999977648258
10270,12.82,52.90,0
10361,11.58,52.12,9
10393,14.12,52.22,0
10400,6.78,51.28,0.00999999977648258
10438,9.45,51.30,0
10469,12.23,51.42,0
10488,13.78,51.13,0.300000011920929
10548,10.38,50.57,0.00999999977648258
10685,11.88,50.32,3
10738,9.22,48.68,0.800000011920929
10763,11.08,49.50,0.00999999977648258
10788,12.57,48.83,1
10852,10.93,48.43,0.00999999977648258
10946,10.33,47.72,2
89061,-64.07,-64.76,0
41170,51.57,25.25,0
10091,13.43,54.68,0
10113,7.15,53.72,0.00999999977648258
10131,8.70,53.87,0
10170,12.08,54.18,0
10264,11.93,53.32,0.100000001490116
10291,14.00,53.03,0
10315,7.68,52.13,0.00999999977648258
10379,13.07,52.38,0.00999999977648258
10384,13.40,52.47,0
10427,8.48,51.18,0.800000011920929
10430,8.83,51.78,0.100000001490116
10453,10.62,51.80,0.800000011920929
10496,14.32,51.78,0
10499,14.95,51.17,0.400000005960464
10501,6.10,50.78,0.00999999977648258
10513,7.13,50.87,0.100000001490116
10532,8.70,50.58,0.00999999977648258
10544,9.95,50.50,0.00999999977648258
10554,10.97,50.98,0.00999999977648258
10567,12.13,50.88,22
10578,12.95,50.43,7
10609,6.67,49.75,0
10655,9.97,49.77,0
10675,10.92,49.88,0.100000001490116
10688,12.18,49.67,1
10708,7.12,49.22,0
10727,8.37,49.03,0
10729,8.55,49.52,0.300000011920929
10742,9.52,49.22,0.00999999977648258
10776,12.10,49.05,0.800000011920929
10791,13.13,49.12,13
10805,7.83,48.37,0.600000023841858
10815,8.42,48.45,0.300000011920929
10836,9.87,48.67,0.100000001490116
10908,8.00,47.88,0.200000002980232
10929,9.18,47.68,0.00999999977648258
10948,10.28,47.40,3
10961,10.98,47.42,6
10962,11.02,47.80,0.899999976158142
10980,12.02,47.70,8
61902,-14.39,-7.96,0
7005,1.83,50.13,0
7020,-1.92,49.72,0
7027,-0.44,49.18,0
7037,1.18,49.38,0
7070,4.03,49.30,0
7130,-1.72,48.07,0
7139,0.12,48.45,0
7168,4.02,48.33,0
7181,5.97,48.58,0
7190,7.63,48.55,0.600000023841858
7207,-3.21,47.30,0
7240,0.72,47.45,0
7255,2.37,47.07,0
7280,5.08,47.27,0
7299,7.52,47.60,0.00999999977648258
7314,-1.41,46.03,0
7335,0.32,46.58,0
7434,1.18,45.87,0
7471,3.77,45.08,0
7481,5.08,45.73,0
7535,1.40,44.75,0
7577,4.73,44.58,0
7591,6.50,44.57,0
7607,-0.49,43.92,0
7621,0.00,43.18,0
7627,1.10,43.00,0
7630,1.37,43.63,0
7643,3.97,43.58,0
7661,5.93,43.08,0
7690,7.20,43.65,0
7790,9.48,42.55,0
89664,-166.66,-77.84,0
78954,-59.47,13.07,0.00999999977648258
1003,15.50,77.00,0
1007,11.93,78.92,0
1062,25.07,76.50,0.00999999977648258
1238,9.28,62.12,0
1338,6.65,61.17,0
1403,4.88,59.30,0
1065,25.50,69.47,15
1427,6.57,58.12,0
1450,8.18,59.83,0
1465,8.80,58.40,0
11816,17.20,48.20,0
11826,17.83,48.53,0
11903,19.15,48.63,0
11934,20.25,49.07,0
11968,21.27,48.70,0
64500,9.42,0.45,0
65338,2.07,7.17,3
11841,18.62,49.23,0
11858,18.20,47.87,0
11916,19.58,48.93,0
11927,19.77,48.33,0
11930,20.22,49.20,0
11993,22.00,48.93,0
11855,18.13,48.28,0
11867,18.60,48.77,0
11880,18.87,48.17,0
11918,19.68,49.37,0
11933,20.08,49.12,0
11938,20.18,48.85,0
11976,21.65,49.22,0
11978,21.73,48.67,0
11423,12.67,49.67,3
11487,13.83,49.47,0.600000023841858
11603,15.02,50.77,1
11659,15.77,49.58,1
11723,16.70,49.15,0.00999999977648258
11782,18.12,49.68,0
10022,8.95,54.80,0.00999999977648258
10042,10.03,54.67,0.00999999977648258
10129,8.58,53.53,0
10130,9.02,54.07,0.00999999977648258
10146,9.88,53.73,0
10152,10.88,54.08,0.00999999977648258
10156,10.70,53.82,0
10161,11.20,54.00,0
10193,14.07,53.75,0.00999999977648258
10215,8.17,53.18,0.100000001490116
10235,9.83,53.00,0.00999999977648258
10249,10.68,53.40,0
10253,11.13,52.97,0
10261,11.73,52.90,0.00999999977648258
10305,7.32,52.52,0.00999999977648258
10317,8.05,52.25,0.00999999977648258
3017,-2.89,58.95,0
3023,7.40,57.30,0.00999999977648258
3063,-3.82,57.20,0
3066,-3.56,57.65,0
3075,-3.07,58.45,0
3091,-2.21,57.20,0
3100,-6.87,56.50,0
3111,-5.69,55.43,0
3136,-4.57,55.52,0.00999999977648258
3162,-3.19,55.32,0.00999999977648258
3204,-4.62,54.08,0.600000023841858
3240,-1.59,55.42,0.00999999977648258
3257,-1.52,54.30,0
3292,-0.16,54.10,0
3302,-4.52,53.25,0.00999999977648258
3354,-1.24,53.00,0
3377,-0.51,53.17,0
3414,-2.66,52.80,0
3462,-0.46,52.62,0
3482,0.57,52.65,0
3502,-4.56,52.13,0
3590,0.97,52.12,0
3649,-1.57,51.75,0
3740,-1.97,51.50,0
3746,-1.74,51.17,0
3803,-6.29,49.92,0
3808,-5.31,50.22,0
3809,-5.24,50.08,0
3817,-4.99,50.43,0
3827,-4.11,50.35,0
3840,-3.22,50.87,0
3853,-2.62,51.00,0
3894,-2.59,49.43,0
68906,-9.87,-40.34,1
81225,-55.19,5.45,5
78962,-60.82,11.15,0
37682,43.78,40.95,0
60101,-5.89,35.73,0
60115,-1.92,34.78,0
60135,-6.76,34.05,0
60150,-5.52,33.88,0
60156,-7.57,33.37,0
60230,-8.02,31.62,0
60060,-10.17,29.37,0
60105,-6.12,35.18,0
60107,-3.84,35.18,0
60127,-3.99,34.22,0
60141,-4.97,33.93,0
60195,-4.72,32.68,0
60265,-6.89,30.93,0
60318,-5.32,35.58,0
91772,-175.61,-15.56,0
91784,-174.34,-19.79,0
91792,-175.14,-21.22,0
78897,-61.51,16.27,0
60340,-2.91,35.15,0
10321,8.35,52.58,0
10325,8.75,52.10,0.300000011920929
10348,10.45,52.30,0
10359,11.40,52.52,4
10381,13.30,52.47,0
10382,13.32,52.57,0
10385,13.52,52.38,0
10410,6.97,51.40,0.300000011920929
10435,9.18,51.50,0.00999999977648258
10444,9.95,51.55,0.100000001490116
10449,10.32,51.40,0.00999999977648258
10452,10.60,51.73,0.200000002980232
10454,10.77,51.85,0
10460,11.30,51.38,0.00999999977648258
10474,12.65,51.88,0.00999999977648258
10480,13.10,51.30,0.00999999977648258
10490,13.58,51.65,0.00999999977648258
10515,7.58,50.35,0.400000005960464
10526,7.97,50.67,8
10535,9.13,50.82,0.00999999977648258
10542,9.72,50.87,0.00999999977648258
10552,10.77,50.65,0.00999999977648258
10557,11.13,50.50,2
10569,12.13,50.48,9
10577,12.87,50.80,1
10582,13.75,50.73,7
10615,7.05,49.77,0
10635,8.45,50.22,6
10648,9.10,49.72,0.600000023841858
10658,10.08,50.20,0
10671,10.95,50.27,0.00999999977648258
10704,6.68,49.28,0
10706,7.05,49.48,0
10724,8.12,49.38,0
10736,8.87,48.97,0.699999988079071
10739,9.20,48.83,0.100000001490116
10761,10.97,49.02,0.00999999977648258
10777,11.43,48.95,0.800000011920929
10796,13.23,49.03,3
10803,7.85,48.00,0.00999999977648258
10818,8.75,48.10,0.100000001490116
10838,9.97,48.38,0.300000011920929
10850,10.70,48.78,0
10865,11.55,48.13,2
10875,12.50,48.28,1
10963,11.07,47.48,2
10982,12.53,47.88,0.100000001490116
1452,8.08,58.20,0
1494,10.78,59.38,0
58736,118.81,27.36,0
58230,118.26,32.09,0
53966,111.83,35.98,0
59475,112.68,22.36,0
54806,115.96,36.48,0
54828,117.65,36.25,1
54805,115.45,36.48,0
54744,118.51,37.58,0
54716,116.80,37.65,0
54718,116.43,37.15,0
54709,115.86,37.15,0
54825,117.83,36.51,0
58025,117.73,34.56,9
58600,115.36,28.86,2
59092,114.76,24.88,0
56790,104.25,25.66,0.200000002980232
56854,100.13,24.45,0.5
56485,103.58,28.26,0
56479,102.85,28.00,0
56273,102.81,30.38,0
56499,104.78,28.38,0
56592,104.51,28.43,0
57603,105.83,28.81,0
57600,105.06,28.73,0
57314,106.05,31.33,0
57216,106.83,32.34,0
56389,103.95,29.25,0
56378,102.35,29.23,0
57417,106.28,30.35,0
56251,100.31,30.93,0
56496,105.23,28.31,0
56491,104.55,28.70,0
56199,104.68,31.03,0
56593,104.91,28.58,0
56279,102.93,30.15,0
56493,104.96,28.85,0
56387,103.26,29.23,0
57315,106.40,31.53,0
59224,107.11,23.60,0
54335,122.01,41.68,0
54328,119.71,41.08,0
54338,122.01,41.18,0
54353,125.05,41.73,0
54237,121.65,42.03,0
53782,113.55,37.85,0
57647,109.18,28.15,3
56693,104.86,26.58,0.899999976158142
57718,106.73,27.10,4
57803,106.01,27.03,0
57805,105.76,26.68,0
57912,106.66,26.16,0.400000005960464
51804,75.23,37.78,0
59114,116.16,24.65,0
59500,115.31,22.96,0
59654,110.30,21.61,0
59502,115.65,22.95,0
57988,113.35,25.15,0.00999999977648258
59107,115.25,24.10,0
58111,116.38,33.86,14
78948,-60.94,13.75,0
16008,10.53,46.75,0
16084,9.73,44.92,0
16088,10.28,45.42,0
16110,13.75,45.65,0
16134,10.70,44.20,0
16153,8.17,43.95,0
16158,10.38,43.68,0
16206,11.07,42.75,0
16230,14.20,42.43,1
16252,14.65,41.57,0.400000005960464
16280,12.95,40.92,0
16325,16.88,40.43,3
16360,18.35,39.82,0
16400,13.18,38.70,0
16429,12.50,37.92,0
16470,11.97,36.82,0
16480,15.13,36.68,0
16522,8.10,40.50,0
16550,9.72,39.93,0
16021,11.78,46.30,0
16022,11.03,46.15,0
16033,12.22,46.73,0
16040,13.58,46.50,0
16061,7.73,45.03,0
16098,12.10,45.68,0
16138,11.62,44.83,0
16172,11.85,43.47,0
16179,12.73,43.52,0
16224,12.22,42.08,0
16232,15.00,42.00,10
16258,15.95,41.70,0
16263,15.23,41.05,0
16294,14.25,40.55,0
16344,16.40,39.33,0
16434,13.43,37.72,0
16531,9.52,40.90,0
16546,8.97,39.35,0
16564,9.52,39.10,0
41184,55.93,25.62,0
41198,56.33,25.10,0
41217,54.65,24.43,0
78705,-86.86,15.73,0
78706,-87.47,15.72,0
78708,-87.92,15.45,0
78711,-83.79,15.22,0.600000023841858
78717,-88.77,14.78,5
78720,-87.21,14.05,0
16020,11.33,46.47,0
16045,13.03,45.98,0
16059,7.65,45.22,0
16066,8.73,45.62,0
16090,10.87,45.38,0
16105,12.33,45.50,0
16149,12.62,44.03,0
16170,11.20,43.80,0
16191,13.37,43.62,8
16261,15.72,41.53,0
16289,14.30,40.85,0
16362,16.25,38.90,0
16405,13.10,38.18,0
16410,13.30,38.10,0
16453,14.22,37.08,0
16460,15.05,37.47,0
16490,12.60,35.50,0
16520,8.28,40.63,0
16076,9.70,45.67,0
16119,8.93,44.63,0
16124,9.93,44.43,0
16140,11.30,44.53,0
16146,12.30,44.45,0
16312,16.93,40.77,0.800000011920929
1424,6.37,59.65,0
67315,35.32,-21.99,0
78862,-61.77,17.12,0
2963,23.50,60.82,2
6260,5.18,52.10,0.00999999977648258
6270,5.75,53.22,0.00999999977648258
6290,6.90,52.27,0
71805,-56.16,46.77,0.400000005960464
7558,3.02,44.12,0
64510,11.48,2.08,0
64551,10.23,-0.71,0
64556,12.87,0.57,0
91579,166.58,-20.64,0
91582,167.23,-20.76,0
91583,165.32,-20.92,0
91587,168.03,-21.47,0
91590,166.22,-22.01,0
91592,166.45,-22.26,0
48551,99.35,9.12,0
48565,98.32,8.12,0
48583,101.82,6.42,0
48303,99.83,19.92,0
48330,100.17,18.17,0
48351,100.10,17.62,0
48376,99.15,16.88,0
48377,99.02,17.25,0
48379,101.15,16.43,0
48462,102.58,13.70,0
48477,100.98,12.68,0
48517,99.18,10.48,0
48532,98.62,9.98,0
48567,99.62,7.52,0
48310,99.90,19.13,0
48329,99.03,18.92,0
48357,104.78,17.42,0
48403,102.03,15.80,0
48405,103.68,16.05,0
48421,98.63,14.75,0
48425,100.13,14.47,0
48426,100.62,14.80,0
48430,101.37,14.05,0
48450,99.53,14.02,0
48459,100.98,13.37,0
48465,100.07,13.15,0
48550,100.05,9.47,0
48566,99.05,7.53,0
48568,100.60,7.20,0
3955,-8.47,51.85,0
3962,-8.91,52.70,0
3967,-6.42,53.30,0.00999999977648258
3969,-6.24,53.43,0
3973,-8.81,53.90,0.100000001490116
3976,-9.99,54.23,0.100000001490116
3980,-7.32,55.37,0.100000001490116
48416,103.68,15.32,0
48418,101.18,15.27,0
48460,100.80,13.17,0
48461,100.87,12.92,0
48478,101.35,12.63,0
48501,102.88,11.77,0
48561,98.27,8.85,0
48570,100.08,6.65,0
33317,27.05,50.17,0
33506,34.55,49.60,0
33587,30.23,48.77,0
33663,27.78,48.45,0
33711,32.25,48.48,0
33924,32.70,45.52,0
34504,35.08,48.37,0
34519,37.77,48.07,0
34601,35.25,47.80,0
6235,4.78,52.92,0
6240,4.77,52.30,0
6251,5.35,53.38,0.200000002980232
6280,6.58,53.13,0.100000001490116
6310,3.60,51.45,0
6344,4.45,51.95,0
6370,5.42,51.45,0
6380,5.78,50.92,0
6210,4.42,52.18,0
6265,5.27,52.13,0.00999999977648258
6275,5.88,52.07,0.00999999977648258
6330,4.10,51.98,0.00999999977648258
6350,4.93,51.57,0
6375,5.70,51.65,0.00999999977648258
15020,26.67,47.68,0.600000023841858
15090,27.63,47.17,1
15108,25.92,46.93,10
15120,23.57,46.78,0.400000005960464
15150,26.98,46.58,4
15170,25.73,46.37,19
15200,21.40,46.13,1
15230,22.90,45.88,2
15260,24.15,45.80,2
15280,25.45,45.45,24
15292,22.25,45.42,13
15310,28.02,45.50,0
15335,28.82,45.18,0
15346,24.37,45.10,14
15350,26.82,45.15,0
15360,29.67,45.15,0
15410,22.63,44.63,7
15450,23.87,44.23,9
15460,27.35,44.20,0
15470,25.00,44.12,0.200000002980232
15480,28.63,44.22,0
11406,12.40,50.08,6
11457,13.62,49.07,1
11464,13.93,50.55,9
11520,14.45,50.00,6
11636,15.47,49.18,0.00999999977648258
11679,16.43,49.98,0.200000002980232
11766,17.55,49.78,0
11774,17.57,49.32,0
11787,18.45,49.55,0
58568,121.36,29.11,0
58658,120.68,28.15,0
58550,120.26,29.70,0
54608,115.55,38.00,0
54620,115.56,38.48,0
54632,115.03,37.06,0
54644,117.08,38.05,0
54617,116.11,38.18,0
54510,116.98,39.88,0
53689,115.06,38.01,0
53498,115.03,40.56,0
53692,114.98,38.73,0
54704,115.56,37.55,0
53773,114.61,36.33,0
54432,118.48,40.60,0
51137,82.93,46.20,0
51328,80.41,44.20,0
51329,80.85,44.05,0
51352,85.25,44.85,0
51353,86.10,45.01,0
51356,86.05,44.31,0
51357,85.61,44.33,0
51359,86.20,44.31,0
51368,87.43,44.01,0
51369,87.65,44.96,0
51377,87.91,44.16,0
51378,89.16,44.01,0
51430,81.15,43.85,0
51434,81.53,43.96,0
51435,82.23,43.46,0
51436,83.30,43.45,0
51438,81.76,43.18,0
51468,86.83,43.10,0.00999999977648258
51482,90.28,43.83,0
51559,86.40,42.31,0.00999999977648258
51568,86.80,42.25,1
51571,88.63,42.80,0.00999999977648258
51572,89.25,42.83,0.00999999977648258
51627,79.23,41.21,0.00999999977648258
51636,82.61,41.53,0
51708,75.94,39.15,0
51717,76.78,39.25,0
51722,80.40,40.65,0
51814,77.40,37.91,0.00999999977648258
51827,79.71,37.28,0
51829,80.16,37.08,0.00999999977648258
59315,116.38,23.56,0
57056,110.85,34.53,0.100000001490116
57063,111.76,34.76,0.00999999977648258
57080,112.96,34.73,0.300000011920929
57082,113.03,34.45,1
57085,113.36,34.51,2
57084,113.05,34.50,2
57081,113.43,34.80,0.300000011920929
57086,113.73,34.40,6
57090,114.01,34.71,0.600000023841858
57180,113.20,33.98,6
57173,112.88,33.75,16
57075,112.83,34.18,6
57177,113.53,33.33,35
57184,113.65,33.59,14
57087,113.80,34.20,5
57088,113.50,34.15,5
57095,114.20,34.08,6
57182,113.50,33.85,9
57190,114.40,33.75,18
57195,114.61,33.61,30
58100,115.18,33.63,15
57098,114.40,34.08,5
57198,114.61,33.55,25
58104,115.06,33.40,15
57099,114.85,34.06,5
57196,114.88,33.45,20
57192,114.85,33.73,23
58101,115.48,33.88,3
57299,114.90,32.01,37
58205,115.41,32.45,31
58207,115.03,32.15,57
57298,114.55,32.21,20
58301,115.38,31.80,5
57396,114.95,31.63,33
57296,114.73,32.35,18
54531,118.75,39.73,0
53785,114.68,37.50,0
53688,114.55,38.45,0
53791,114.53,37.75,0
54521,116.98,39.76,0
57486,113.85,30.65,0
57481,113.56,30.95,4
57388,113.70,31.26,17
57389,113.75,31.03,2
58202,115.58,32.63,6
53865,111.55,36.65,0
58021,117.25,34.78,48
56873,102.90,24.66,14
59205,105.63,23.65,15
56675,102.58,26.65,7
57507,105.30,29.33,0
56665,101.53,26.91,16
57326,107.71,31.36,0
57420,107.25,30.80,0.200000002980232
57329,107.85,31.08,8
57408,105.33,30.11,0
57407,105.03,30.28,0
56295,104.55,30.40,0
56298,104.65,30.11,0
59213,106.91,23.73,0.00999999977648258
58036,118.73,34.51,0.400000005960464
58049,119.81,34.03,10
58749,119.90,27.25,4
53992,114.55,35.68,0.100000001490116
53974,114.18,35.61,0
57093,114.81,34.84,1
57096,114.78,34.53,3
57094,114.20,34.40,3
57191,114.48,34.48,2
57773,112.81,27.86,0
57460,111.65,30.86,20
58501,115.55,29.85,0
57498,114.88,30.45,22
58408,115.38,30.23,1
57398,114.55,31.28,38
58409,115.93,30.06,0.00999999977648258
58404,115.25,30.45,22
58401,115.40,30.78,51
52875,102.10,36.50,0
52877,102.26,36.09,0
54540,119.16,39.71,0
54713,116.53,37.88,0
54706,115.65,37.06,0
54601,115.65,39.01,0
53799,115.03,37.21,0
57057,111.48,34.09,1
57155,109.86,33.55,4
57126,107.55,33.21,0
57021,107.13,34.65,0
57231,108.53,32.53,0.200000002980232
50871,129.88,46.73,0.100000001490116
58442,119.18,31.13,0.00999999977648258
58222,117.55,32.86,29
57070,112.15,34.71,0.00999999977648258
57074,112.41,34.41,2
57076,112.81,34.71,0.200000002980232
57065,112.18,34.50,1
57066,111.66,34.38,2
57078,112.46,34.15,10
57162,112.08,34.15,9
56016,95.60,33.84,0
56045,99.90,33.96,0
52853,100.98,36.91,0
58139,118.85,33.30,115
54428,117.41,40.03,0
54523,117.10,39.40,0
54529,117.81,39.35,0
54619,116.91,38.91,0
54645,117.50,38.80,0
54517,117.16,39.09,0
54526,117.41,39.06,0
54528,117.11,39.21,0
54530,117.76,39.23,0
54622,117.36,38.98,0
56982,103.25,23.70,9
58503,115.65,29.68,2
58510,116.21,29.73,20
58512,116.55,29.90,3
58514,116.05,29.45,13
58508,115.76,29.33,3
58509,115.81,29.05,0.100000001490116
58517,116.20,29.26,2
53784,114.73,37.76,0
54627,117.23,38.03,0
54318,117.73,41.31,0
56670,102.10,26.85,0.899999976158142
51629,80.23,41.26,3
51707,76.73,39.50,0
51815,77.26,38.18,0
51826,80.80,37.01,0
53889,113.81,36.06,0
53993,114.91,35.93,0
53991,114.35,35.93,0
53995,114.50,35.58,0.100000001490116
53982,113.26,35.23,0
57079,113.08,34.95,0.00999999977648258
53979,113.05,35.18,0
57072,112.78,34.91,0.00999999977648258
53987,113.40,35.09,0.100000001490116
53972,112.91,35.11,0.00999999977648258
53984,113.41,35.23,0.00999999977648258
58001,115.10,34.43,13
58006,115.88,34.38,6
58007,115.30,34.06,4
58008,115.33,34.46,3
58004,115.15,34.65,4
58017,116.13,34.25,58
51802,76.16,38.93,0
57260,111.51,32.56,13
57253,110.81,32.85,10
57257,110.23,32.23,0.800000011920929
57249,109.68,32.31,1
58306,115.88,31.68,1
57189,114.00,33.15,67
57197,114.33,33.00,74
57292,114.63,32.95,11
57188,114.33,33.38,33
57294,114.03,32.80,60
57293,114.98,32.73,11
57295,114.35,32.61,35
57281,113.30,32.70,62
57194,114.26,33.28,53
57797,114.91,27.05,0
58701,115.40,27.76,0
58704,115.16,27.56,0
58707,115.13,27.21,0
57899,114.91,26.80,0
57891,114.25,26.93,0
57883,113.96,26.71,0
57895,114.66,26.46,0
57768,111.45,27.31,0.00999999977648258
53693,114.13,38.03,0
58418,116.70,30.13,0.00999999977648258
58828,117.61,26.26,0
54399,116.28,39.98,0
54433,116.48,39.95,0
54513,116.18,39.93,0
54514,116.25,39.86,0
54412,116.63,40.73,0
54499,116.21,40.21,0
54501,115.68,39.96,0
54419,116.63,40.31,0
54594,116.31,39.71,0
54596,115.98,39.66,0
54431,116.61,39.93,0
54410,116.13,40.59,0
54424,117.10,40.13,0
54398,116.65,40.15,0
54505,116.10,39.96,0
54597,115.73,39.73,0
54421,117.05,40.85,0
91643,179.22,-8.51,0
67237,39.28,-15.09,0
67261,33.58,-16.17,0
67295,33.47,-19.11,0
67241,40.67,-15.02,0
17022,31.80,41.45,0
17096,41.27,39.92,0
17124,30.57,39.78,0
17195,35.48,38.78,0
17219,27.15,38.27,0
17244,32.55,37.97,0
17280,40.18,37.88,0
17042,41.42,41.38,0
17074,33.77,41.37,0
17086,36.56,40.30,0
17088,39.45,40.45,0
17140,34.81,39.83,0
17203,40.50,38.86,0
17237,29.08,37.77,0
17250,34.68,37.97,0
17295,28.78,36.70,0
17320,32.83,36.10,0
17375,30.15,36.30,0
17024,33.78,41.98,0
17056,27.48,40.98,0
17067,29.82,40.72,0
17092,39.50,39.73,0
17112,26.40,40.13,0
17115,27.97,40.32,0
17116,29.07,40.18,0
17188,29.42,38.67,0
17202,39.28,38.60,0
17248,34.07,37.50,0
17292,28.35,37.20,0
17300,30.73,36.70,0
17330,33.93,36.37,0
17026,35.17,42.03,0
17034,38.40,40.92,0
17084,34.97,40.55,0
17090,37.02,39.75,0
17098,43.08,40.60,0
17150,27.92,39.62,0
17160,34.17,39.13,0
17184,27.85,38.92,0
17210,42.00,37.93,0
17234,27.85,37.85,0
17260,37.37,37.08,0
17290,27.42,37.03,0
17370,36.17,36.58,0
48601,100.27,5.30,0
48615,102.28,6.17,0
48620,100.70,4.22,0
48647,101.55,3.12,0.200000002980232
48657,103.22,3.62,14
48665,102.25,2.27,0
96413,110.33,1.48,0.00999999977648258
96421,111.83,2.33,0.800000011920929
96441,113.03,3.20,0.400000005960464
96449,113.98,4.33,0.00999999977648258
96465,115.25,5.30,0
96471,116.05,5.93,0
96481,117.88,4.27,0
96491,118.07,5.90,23
16641,19.92,39.62,0.00999999977648258
16682,21.28,37.92,0
16743,23.02,36.28,0
26038,24.58,59.38,0
26058,28.12,59.37,0
26115,22.07,58.92,0
26135,25.42,58.82,9
26141,26.23,59.13,1
26231,24.50,58.38,0
26242,26.73,58.30,0
26247,26.03,57.78,0
17600,32.48,34.72,0
17601,32.98,34.58,0
78615,-89.87,16.92,0
78627,-91.46,15.32,0
78637,-88.59,15.72,0
78641,-90.51,14.58,0
78647,-90.81,13.92,0
3002,-0.84,60.75,0.200000002980232
3008,-1.62,59.53,0.00999999977648258
3031,-4.87,57.72,0
3034,-5.62,57.87,0
3044,-4.42,58.28,0
3047,-4.69,56.87,0
3068,-3.31,57.72,0
3080,-2.82,57.08,0
3088,-2.26,56.85,0
3094,-2.11,57.70,0.00999999977648258
3132,-4.94,54.85,0
3144,-3.72,56.32,0
3153,-3.99,54.80,0
3158,-2.37,55.70,0
3210,-3.59,54.52,0
3212,-3.14,54.62,0
3214,-3.24,54.12,0
3220,-2.96,54.93,0.200000002980232
3224,-2.54,55.05,0.00999999977648258
3225,-2.67,54.50,0
3226,-2.41,54.57,0
3230,-2.27,55.28,0
3266,-1.24,54.05,0
3903,-7.64,54.40,0
3915,-6.26,55.22,0
3916,-6.16,55.18,0
3923,-6.49,54.23,0
3313,-3.49,53.25,0
3316,-3.06,53.50,0
3321,-2.97,53.17,0
3344,-1.86,53.82,0
3355,-1.19,53.83,0
3373,-0.54,53.30,0
3379,-0.49,53.03,0
3391,-0.16,53.08,0
3392,0.27,53.08,0
3453,-0.64,52.73,0
3469,0.15,52.87,0
3488,1.13,52.95,0
3503,-3.94,52.35,0
3507,-3.61,52.07,0
3520,-2.87,52.25,0
3527,-2.29,52.12,0
3529,-2.02,52.15,0
3544,-1.32,52.37,0
3560,-0.47,52.22,0
3604,-5.04,51.70,0
3605,-4.36,51.72,0
3609,-3.97,51.57,0
3647,-1.67,51.87,0
3658,-1.07,51.62,0
3660,-0.79,51.68,0
3672,-0.41,51.55,0
3693,0.83,51.55,0
3707,-4.14,51.08,0
3749,-1.56,51.15,0
3761,-0.94,51.23,0
3768,-0.76,51.28,0
3781,-0.07,51.30,0
3862,-1.82,50.78,0
3866,-1.29,50.58,0
3872,-0.91,50.82,0
48457,100.60,13.38,0
48463,100.88,15.08,0
48563,98.92,8.07,0
6407,2.87,51.20,0
6400,2.65,51.08,0
6428,3.73,50.93,0
6451,4.53,50.90,0
6456,4.65,50.23,0
6476,5.40,50.03,0
6479,5.47,51.17,0
6490,5.92,50.48,0.100000001490116
6590,6.22,49.62,0
6432,3.83,50.57,0
6449,4.45,50.47,0
6450,4.47,51.20,0
6458,4.77,50.75,0
6465,5.07,51.00,0
6478,5.45,50.65,0
6496,6.18,50.47,0.400000005960464
8015,-5.86,43.35,0
8023,-3.81,43.47,0
8027,-2.04,43.30,0
8045,-8.62,42.22,0
8141,-4.76,41.65,0
8160,-1.01,41.67,0
8181,2.07,41.28,0
8231,-2.12,40.07,0
8261,-6.32,39.47,0
8284,-0.46,39.50,0
8314,4.23,39.87,0
8430,-1.16,38.00,0
8482,-4.47,36.67,0
48602,100.38,-5.46,0.00999999977648258
48603,100.40,6.20,0
48625,101.10,4.57,0
48632,101.37,4.47,0.00999999977648258
48674,103.83,2.45,39
48679,103.67,1.63,0
48564,98.40,7.88,0
81251,-56.11,2.03,0
78958,-61.77,12.00,0
85196,-62.09,-16.24,0
85207,-60.94,-16.36,0
85247,-60.74,-17.82,0
85268,-59.74,-18.31,0
85289,-57.72,-18.99,0
85315,-63.56,-20.04,0
91925,-139.02,-9.79,0
91938,-149.61,-17.54,0
91943,-145.02,-14.47,0
91944,-140.94,-18.06,0
91948,-134.96,-23.12,0.200000002980232
91954,-149.47,-23.34,0
15502,22.88,43.81,0
15525,24.72,43.13,2
15535,25.95,43.85,0
15549,26.53,43.52,0
15552,27.92,43.20,0
15615,23.58,42.18,13
15627,24.83,42.67,0.600000023841858
15640,26.32,42.67,0
15655,27.48,42.48,0
15712,23.27,41.52,0
15730,25.37,41.65,0
85223,-66.09,-17.44,0
85283,-65.26,-19.01,0
85293,-65.71,-19.52,0
85345,-63.49,-21.26,0
85364,-64.71,-21.52,0
85365,-63.69,-22.01,0
78866,-63.11,18.05,0
47168,127.73,34.73,0
93023,174.02,-35.11,0.400000005960464
93196,178.30,-37.54,1
93334,175.68,-39.46,3
93404,175.60,-40.30,4
93498,176.23,-40.89,0.800000011920929
93527,173.00,-40.54,1
93597,174.20,-41.72,0
93615,170.98,-42.71,7
93678,173.70,-42.41,0
93709,169.00,-43.86,6
93831,168.73,-45.01,0
12120,17.53,54.75,0
12250,18.58,53.03,0
12295,23.17,53.10,0
12424,16.88,51.10,0
13160,19.15,45.77,0.600000023841858
13262,19.23,44.55,6
13285,21.52,44.75,12
13289,21.95,44.12,0.100000001490116
13376,20.70,43.55,0.200000002980232
13388,21.90,43.33,0
13462,19.25,42.37,0
13489,21.92,42.55,0
13363,19.35,43.35,2
26509,21.15,55.70,0
26518,22.20,55.60,0
26524,23.32,55.93,0
26633,25.60,55.50,0
26730,25.28,54.63,0
6193,14.78,55.30,0
47090,128.60,38.20,0
47100,128.77,37.68,0
47106,127.00,37.70,0
47112,126.63,37.48,0
47119,126.98,37.27,0
47129,126.47,36.77,0
47130,129.42,36.98,0
47143,128.62,35.88,0
47146,127.15,35.82,0
47152,129.32,35.55,0
47155,128.57,35.18,0
47162,128.43,34.83,0
47170,126.75,34.30,0
47185,126.17,33.28,0
47189,126.57,33.23,0
47192,127.10,35.20,0
67586,33.77,-13.77,0
14105,13.62,45.48,0
12205,14.62,53.40,0
12465,19.40,51.73,0
12100,15.58,54.18,0
12105,16.15,54.20,0
12135,18.82,54.60,0
12185,21.37,54.07,0
12195,22.95,54.13,0
12235,17.55,53.70,0
12270,20.35,53.10,0
12300,15.28,52.75,0
12360,19.73,52.58,0
12385,22.27,52.18,0
12400,15.53,51.93,0
12435,18.08,51.73,0
12495,22.40,51.22,0
12510,15.73,50.73,0.400000005960464
12520,16.62,50.43,0
12570,20.70,50.82,0
12575,20.98,50.03,0
3965,-7.87,53.08,0.00999999977648258
3971,-7.36,53.53,0
8055,-5.64,42.58,0
8075,-3.62,42.37,0
8084,-2.32,42.45,0.00999999977648258
8171,0.63,41.62,0
8184,2.77,41.90,0
8202,-5.49,40.95,0
8235,-1.09,40.33,0
8238,0.50,40.82,0
8280,-1.84,38.95,0
8330,-6.81,38.88,0
8348,-3.91,38.98,0
8360,-0.54,38.28,0
8373,1.38,38.87,0
8410,-4.82,37.85,0
8419,-3.77,37.18,0
8451,-6.06,36.75,0
8487,-2.37,36.85,0
12115,16.87,54.58,0
12125,17.75,54.55,0
12200,14.23,53.92,0
12272,20.42,53.77,0
12280,21.58,53.78,0
12285,21.57,53.08,0
12345,18.67,52.20,0
12415,16.20,51.20,0.00999999977648258
12455,18.57,51.22,0.5
12497,23.53,51.55,0
12500,15.80,50.90,0
12530,17.97,50.67,0
12550,19.10,50.82,0
12580,22.05,50.10,0
12585,21.72,50.70,0
12600,19.00,49.80,0
12650,19.98,49.23,0
12660,20.70,49.62,0
1106,12.08,67.50,0
1321,6.55,61.90,0
1378,10.48,61.10,0
1397,12.27,61.30,0
1412,5.57,58.65,0
1434,7.37,59.77,0
1484,10.60,59.43,0
1490,10.68,59.98,0
1495,10.83,59.15,0
86011,-59.36,-19.52,0
86065,-61.49,-22.69,0
86068,-60.59,-22.01,0
86086,-57.86,-22.27,0
86097,-55.64,-22.57,0
86134,-57.29,-23.41,0
60715,10.23,36.83,0
60723,9.18,36.73,0
60725,8.80,36.48,0
60735,10.10,35.67,0
60745,8.82,34.42,0
60748,9.48,35.00,0
60750,10.68,34.72,0
60760,8.10,33.92,0
60765,10.10,33.88,0
60769,10.77,33.87,0
26045,26.55,59.52,8
15501,22.80,44.17,0.600000023841858
15505,23.53,43.20,4
15511,23.25,43.82,10
15514,23.97,43.68,11
15530,25.65,43.08,0.100000001490116
15533,25.35,43.62,0.600000023841858
15561,28.53,43.53,0
15562,28.47,43.37,0
15600,23.67,42.83,2
15601,22.77,42.27,0
15605,22.93,42.93,0
15613,23.27,42.58,2
15628,24.33,42.22,5
15642,26.57,42.85,0
15661,27.85,42.10,0
33135,31.28,51.48,0
12160,19.43,54.17,0
12210,15.42,53.77,0
12230,16.75,53.13,0
12310,14.60,52.35,0
12399,23.62,52.07,0
12418,16.53,51.83,0
12469,19.87,51.35,0
12488,21.55,51.57,0
12540,18.20,50.05,0
12566,19.79,50.08,0
12625,19.95,49.30,0
12690,22.33,49.47,0
16643,20.77,38.62,0
16648,22.42,39.63,0
16650,25.23,39.92,0
16684,24.55,38.90,0
16732,25.38,37.10,0
16614,21.28,40.45,0
16627,25.92,40.85,0
16667,26.60,39.07,0
16710,22.40,37.53,0
16723,26.92,37.70,0
16738,24.45,36.72,0
16746,24.12,35.48,0
60020,-16.24,28.47,0
60030,-15.37,27.93,0
60040,-13.59,28.95,0
60338,-2.94,35.28,0
71473,-123.04,48.78,0
71475,-124.82,49.25,0
71201,-123.19,49.30,0
71934,-111.94,60.02,0
71725,-77.77,48.07,0
71726,-74.61,47.92,0.200000002980232
71727,-70.99,48.33,0
71728,-72.26,48.52,0
71730,-80.79,46.62,0
71731,-79.42,46.35,0
71733,-82.56,45.88,0
71739,-81.36,48.57,0
71749,-89.31,48.37,0
71799,-123.42,48.65,0
71800,-53.06,46.65,27
71801,-52.72,47.62,4
71803,-54.56,48.95,1
71808,-57.17,51.45,0
71809,-57.39,49.22,0
71810,-64.29,49.83,0
71813,-61.81,50.18,0
71814,-59.62,50.47,0
71815,-58.54,48.53,0
71896,-122.67,53.88,0
71897,-128.71,52.27,0
71898,-130.42,54.30,0
71899,-133.04,54.25,0
71905,-77.76,55.28,0
71906,-68.41,58.10,0
71907,-78.11,58.45,0
71912,-94.69,56.35,0
71913,-94.06,58.75,0
71917,-85.92,79.98,0
71922,-105.26,55.15,0
71925,-105.11,69.10,0
71926,-96.07,64.30,0
71928,-114.91,52.43,0
71851,-98.26,49.90,0
71875,-113.99,49.52,0
71823,-73.66,53.75,0
71826,-70.89,53.20,0
71846,-87.87,52.23,0
71114,-121.47,49.37,0
71120,-110.27,54.42,0
71122,-115.56,51.18,0
71123,-113.57,53.30,0
71129,-109.16,51.52,0
71131,-108.97,49.43,0
71135,-105.97,49.17,0
71138,-102.46,51.27,0
71140,-99.94,49.92,0
71141,-97.82,53.97,0
71145,-94.64,53.85,0
71148,-98.89,49.20,0
71182,-64.09,53.55,0
71185,-57.57,50.23,0
71187,-68.19,49.13,0
71188,-64.47,48.77,2
71200,-123.31,48.42,0
71397,-64.91,44.98,0.00999999977648258
71400,-56.06,48.97,0
71411,-64.66,43.98,51
71412,-61.96,46.45,0
71431,-78.16,43.95,0
71435,-90.46,49.03,0
71443,-101.22,52.12,0
71474,-121.49,51.15,0
71538,-82.96,42.27,0
71600,-60.01,43.93,0.5
71816,-60.41,53.32,0
71818,-57.02,53.70,0
71821,-77.81,49.77,0
71822,-74.52,49.77,0
71825,-66.86,52.93,0
71827,-77.69,53.63,0
71828,-66.81,54.80,0
71831,-82.46,49.42,0
71832,-84.16,49.75,0.400000005960464
71834,-86.92,49.78,0
71836,-80.64,51.27,0
71842,-91.89,50.12,0
71850,-94.36,49.78,0
71852,-97.22,49.90,0
71855,-100.04,51.10,0
71856,-96.97,50.62,0
71861,-102.67,50.38,0
71862,-102.99,49.07,0
71863,-104.66,50.43,0
71434,-85.42,54.98,0
71603,-66.07,43.83,0.400000005960464
71609,-65.87,45.32,0
71610,-71.87,45.40,0
71621,-77.52,44.12,0
71624,-79.62,43.67,0
71625,-77.31,45.95,0
71627,-73.74,45.47,0
71628,-75.66,45.32,0
71631,-80.74,43.98,0
71633,-81.09,44.75,0
71700,-66.52,45.87,0
71705,-64.67,46.12,0.200000002980232
71706,-63.12,46.28,0.200000002980232
71707,-60.04,46.17,0.400000005960464
71714,-71.37,46.80,0
71718,-68.21,48.60,0
71719,-64.49,48.02,0
71932,-111.21,56.65,0
71933,-111.11,58.77,0
71935,-115.77,60.83,0
71940,-118.87,55.18,0
71943,-120.72,56.23,0
71944,-123.12,55.30,0
71945,-122.57,58.83,0
71946,-121.22,61.75,0
71949,-133.34,62.23,0
71950,-127.17,54.82,0
71951,-128.57,54.47,0
71964,-135.06,60.72,0
71103,-122.51,53.03,0
71113,-122.99,50.10,0
71115,-119.27,50.23,0
71121,-113.46,53.67,4
71127,-109.99,54.90,1
71900,-60.22,55.45,0
71923,-100.89,61.13,0
71927,-97.79,68.67,0
71952,-125.76,54.23,0
71959,-132.99,69.45,0
71702,-63.82,46.43,0
71720,-74.27,46.05,0
71732,-80.59,45.80,0
71197,-59.16,47.57,0
71043,-126.79,65.28,0.00999999977648258
71045,-132.74,60.17,0
71066,-117.16,58.62,0
71068,-117.42,56.23,0
71069,-114.77,55.30,0
71076,-108.47,59.57,0
71077,-108.42,55.83,2
71078,-101.07,56.87,0
71079,-97.86,55.80,0
71083,-92.11,62.82,0
71104,-122.04,52.18,0
71108,-122.36,49.03,0
71109,-127.36,50.68,0
71865,-104.19,51.77,0
71866,-106.67,52.17,0
71867,-101.09,53.97,0
71868,-102.31,52.82,0
71869,-105.67,53.22,0
71871,-110.06,53.32,0
71874,-112.79,49.63,0
71877,-114.01,51.12,0
71878,-113.89,52.18,0
71879,-113.51,53.57,0.5
71880,-115.77,49.60,0
71881,-116.46,53.58,0
71882,-118.17,50.97,0
71883,-119.27,52.13,0
71887,-120.44,50.70,0
71889,-119.59,49.47,0
71891,-121.57,50.23,0
71892,-123.16,49.18,0
71629,-78.39,44.20,0
71261,-81.71,43.77,0
71265,-79.39,43.60,0
71075,-103.69,58.18,0
84515,-74.59,-8.41,0
84401,-80.59,-5.17,0
84673,-74.21,-13.12,0
84425,-76.07,-5.89,0
84455,-76.37,-6.44,0
84370,-80.39,-3.54,0
84452,-79.82,-6.77,0
76323,-105.66,26.93,0
76405,-110.41,24.17,0
76423,-104.66,24.03,0
76577,-101.24,21.02,0
76654,-104.32,19.05,0
2124,17.87,66.03,0.699999988079071
2206,12.12,63.30,0.00999999977648258
2269,19.02,63.18,0.400000005960464
2355,17.53,61.70,0
2410,13.72,60.68,0
2456,17.90,60.23,0
