﻿<?xml version="1.0" encoding="utf-8" ?>
<ArcGISSilverlightSDK>
  <name>What's New</name>
  <icon>Assets/images/globe-16x16.png</icon>
  <Category>
    <name>What's New</name>
    <icon>Assets/images/globe-16x16.png</icon>
    <items>
      <item>
        <id>WebMap with Charts</id>
        <xaml>ArcGISSilverlightSDK.WebMapCharts</xaml>
        <source>Assets/Source/WebMapCharts.xaml</source>
        <code>Assets/Source/WebMapCharts.xaml.cs.txt</code>
        <codevb>Assets/Source/WebMapCharts.xaml.vb.txt</codevb>
        <desc>Assets/Description/WebMapCharts.txt</desc>
        <icon>Assets/images/small_bullet.png</icon>
        <keywords>webmap,chart</keywords>
      </item>
      <item>
        <id>WebMap with CSV</id>
        <xaml>ArcGISSilverlightSDK.WebMapCSV</xaml>
        <source>Assets/Source/WebMapCSV.xaml</source>
        <code>Assets/Source/WebMapCSV.xaml.cs.txt</code>
        <codevb>Assets/Source/WebMapCSV.xaml.vb.txt</codevb>
        <desc>Assets/Description/WebMapCSV.txt</desc>
        <icon>Assets/images/small_bullet.png</icon>
        <keywords>webmap,csv</keywords>
      </item>
      <item>
        <id>WebMap with WMS</id>
        <xaml>ArcGISSilverlightSDK.WebMapWMS</xaml>
        <source>Assets/Source/WebMapWMS.xaml</source>
        <code>Assets/Source/WebMapWMS.xaml.cs.txt</code>
        <codevb>Assets/Source/WebMapWMS.xaml.vb.txt</codevb>
        <desc>Assets/Description/WebMapWMS.txt</desc>
        <icon>Assets/images/small_bullet.png</icon>
        <keywords>webmap,wms</keywords>
      </item>
      <item>
        <id>WebMap with KML</id>
        <xaml>ArcGISSilverlightSDK.WebMapKML</xaml>
        <source>Assets/Source/WebMapKML.xaml</source>
        <code>Assets/Source/WebMapKML.xaml.cs.txt</code>
        <codevb>Assets/Source/WebMapKML.xaml.vb.txt</codevb>
        <desc>Assets/Description/WebMapKML.txt</desc>
        <icon>Assets/images/small_bullet.png</icon>
        <keywords>webmap,kml</keywords>
      </item>
      <item>
        <id>Legend with KML and WMS</id>
        <xaml>ArcGISSilverlightSDK.LegendKmlWms</xaml>
        <source>Assets/Source/LegendKmlWms.xaml</source>
        <code>Assets/Source/LegendKmlWms.xaml.cs.txt</code>
        <codevb>Assets/Source/LegendKmlWms.xaml.vb.txt</codevb>
        <desc>Assets/Description/LegendKmlWms.txt</desc>
        <icon>Assets/images/small_bullet.png</icon>
        <keywords>legend,kml,wms</keywords>
      </item>
      <item>
        <id>Auto-project Graphics</id>
        <xaml>ArcGISSilverlightSDK.AutoProjectGraphics</xaml>
        <source>Assets/Source/AutoProjectGraphics.xaml</source>
        <code>Assets/Source/AutoProjectGraphics.xaml.cs.txt</code>
        <codevb>Assets/Source/AutoProjectGraphics.xaml.vb.txt</codevb>
        <desc>Assets/Description/AutoProjectGraphics.txt</desc>
        <icon>Assets/images/small_bullet.png</icon>
        <keywords>projection,graphics</keywords>
      </item>
      <item>
        <id>Using PointDataSource</id>
        <xaml>ArcGISSilverlightSDK.UsingPointDataSource</xaml>
        <source>Assets/Source/UsingPointDataSource.xaml</source>
        <code>Assets/Source/UsingPointDataSource.xaml.cs.txt</code>
        <codevb>Assets/Source/UsingPointDataSource.xaml.vb.txt</codevb>
        <desc>Assets/Description/UsingPointDataSource.txt</desc>
        <icon>Assets/images/small_bullet.png</icon>
        <keywords>graphicsdatasource,mvvm,graphics</keywords>
      </item>
      <item>
        <id>Geodesic Operations</id>
        <xaml>ArcGISSilverlightSDK.GeodesicOperations</xaml>
        <source>Assets/Source/GeodesicOperations.xaml</source>
        <code>Assets/Source/GeodesicOperations.xaml.cs.txt</code>
        <codevb>Assets/Source/GeodesicOperations.xaml.vb.txt</codevb>
        <desc>Assets/Description/GeodesicOperations.txt</desc>
        <icon>Assets/images/small_bullet.png</icon>
        <keywords>Geodesic,Densify,Area,Length</keywords>
      </item>
      <item>
        <id>Group Layers</id>
        <xaml>ArcGISSilverlightSDK.GroupLayers</xaml>
        <source>Assets/Source/GroupLayers.xaml</source>
        <code>Assets/Source/GroupLayers.xaml.cs.txt</code>
        <codevb>Assets/Source/GroupLayers.xaml.vb.txt</codevb>
        <desc>Assets/Description/GroupLayers.txt</desc>
        <icon>Assets/images/small_bullet.png</icon>
        <keywords>GroupLayer</keywords>
      </item>
      <item>
        <id>Map Scale</id>
        <xaml>ArcGISSilverlightSDK.MapScale</xaml>
        <source>Assets/Source/MapScale.xaml</source>
        <code>Assets/Source/MapScale.xaml.cs.txt</code>
        <codevb>Assets/Source/MapScale.xaml.vb.txt</codevb>
        <desc>Assets/Description/MapScale.txt</desc>
        <icon>Assets/images/small_bullet.png</icon>
        <keywords>Scale,Legend,IgnoreServiceScaleRange</keywords>
      </item>
      <item>
        <id>WMTS Layer</id>
        <xaml>ArcGISSilverlightSDK.WmtsLayerSimple</xaml>
        <source>Assets/Source/WmtsLayerSimple.xaml</source>
        <code>Assets/Source/WmtsLayerSimple.xaml.cs.txt</code>
        <codevb>Assets/Source/WmtsLayerSimple.xaml.vb.txt</codevb>
        <desc>Assets/Description/WmtsLayerSimple.txt</desc>
        <icon>Assets/images/small_bullet.png</icon>
        <keywords>WMTS,OGC</keywords>
      </item>
    </items>
  </Category>
  <Category>
    <name>Mapping</name>
    <icon>Assets/images/globe-16x16.png</icon>
    <items>
      <item>
        <id>ArcGIS Tiled Layer</id>
        <xaml>ArcGISSilverlightSDK.Map</xaml>
        <source>Assets/Source/Map.xaml</source>
        <code>Assets/Source/Map.xaml.cs.txt</code>
        <codevb>Assets/Source/Map.xaml.vb.txt</codevb>
        <desc>Assets/Description/Map.txt</desc>
        <icon>Assets/images/small_bullet.png</icon>
        <keywords>ArcGISTiledMapServiceLayer</keywords>
      </item>
      <item>
        <id>ArcGIS Dynamic Layer</id>
        <xaml>ArcGISSilverlightSDK.DynamicMap</xaml>
        <source>Assets/Source/DynamicMap.xaml</source>
        <code>Assets/Source/DynamicMap.xaml.cs.txt</code>
        <codevb>Assets/Source/DynamicMap.xaml.vb.txt</codevb>
        <desc>Assets/Description/DynamicMap.txt</desc>
        <icon>Assets/images/small_bullet.png</icon>
        <keywords>ArcGISDynamicMapServiceLayer</keywords>
      </item>
      <item>
        <id>Dynamic and Tiled Layers</id>
        <xaml>ArcGISSilverlightSDK.DynamicAndTile</xaml>
        <source>Assets/Source/DynamicAndTile.xaml</source>
        <code>Assets/Source/DynamicAndTile.xaml.cs.txt</code>
        <codevb>Assets/Source/DynamicAndTile.xaml.vb.txt</codevb>
        <desc>Assets/Description/DynamicAndTile.txt</desc>
        <icon>Assets/images/small_bullet.png</icon>
        <keywords>ArcGISDynamicMapServiceLayer,ArcGISTiledMapServiceLayer</keywords>
      </item>
      <item>
        <id>Layer List</id>
        <xaml>ArcGISSilverlightSDK.LayerList</xaml>
        <source>Assets/Source/LayerList.xaml</source>
        <code>Assets/Source/LayerList.xaml.cs.txt</code>
        <codevb>Assets/Source/LayerList.xaml.vb.txt</codevb>
        <desc>Assets/Description/LayerList.txt</desc>
        <icon>Assets/images/small_bullet.png</icon>
        <keywords>ArcGISDynamicMapServiceLayer,ArcGISTiledMapServiceLayer,ListBox</keywords>
      </item>
      <item>
        <id>SubLayer List</id>
        <xaml>ArcGISSilverlightSDK.SubLayerList</xaml>
        <source>Assets/Source/SubLayerList.xaml</source>
        <code>Assets/Source/SubLayerList.xaml.cs.txt</code>
        <codevb>Assets/Source/SubLayerList.xaml.vb.txt</codevb>
        <desc>Assets/Description/SubLayerList.txt</desc>
        <icon>Assets/images/small_bullet.png</icon>
        <keywords>ArcGISDynamicMapServiceLayer,ListBox,Layers</keywords>
      </item>
      <item>
        <id>Define Map Projection</id>
        <xaml>ArcGISSilverlightSDK.DefineMapProjection</xaml>
        <source>Assets/Source/DefineMapProjection.xaml</source>
        <code>Assets/Source/DefineMapProjection.xaml.cs.txt</code>
        <codevb>Assets/Source/DefineMapProjection.xaml.vb.txt</codevb>
        <desc>Assets/Description/DefineMapProjection.txt</desc>
        <icon>Assets/images/small_bullet.png</icon>
        <keywords>ArcGISDynamicMapServiceLayer,SpatialReference,Extent</keywords>
      </item>
      <item>
        <id>Plane Projection</id>
        <xaml>ArcGISSilverlightSDK.PlaneProjection</xaml>
        <source>Assets/Source/PlaneProjection.xaml</source>
        <code>Assets/Source/PlaneProjection.xaml.cs.txt</code>
        <codevb>Assets/Source/PlaneProjection.xaml.vb.txt</codevb>
        <desc>Assets/Description/PlaneProjection.txt</desc>
        <icon>Assets/images/small_bullet.png</icon>
        <keywords>ArcGISTiledMapServiceLayer,PlaneProjection,RotationX</keywords>
      </item>
      <item>
        <id>Show Map Extent</id>
        <xaml>ArcGISSilverlightSDK.MapExtent</xaml>
        <source>Assets/Source/MapExtent.xaml</source>
        <code>Assets/Source/MapExtent.xaml.cs.txt</code>
        <codevb>Assets/Source/MapExtent.xaml.vb.txt</codevb>
        <desc>Assets/Description/MapExtent.txt</desc>
        <icon>Assets/images/small_bullet.png</icon>
        <keywords>Extent,Binding,Run</keywords>
      </item>
      <item>
        <id>Show Map Properties</id>
        <xaml>ArcGISSilverlightSDK.ShowMapProperties</xaml>
        <source>Assets/Source/ShowMapProperties.xaml</source>
        <code>Assets/Source/ShowMapProperties.xaml.cs.txt</code>
        <codevb>Assets/Source/ShowMapProperties.xaml.vb.txt</codevb>
        <desc>Assets/Description/ShowMapProperties.txt</desc>
        <icon>Assets/images/small_bullet.png</icon>
        <keywords>Properties,TileInfo</keywords>
      </item>
      <item>
        <id>Show Mouse Coordinates</id>
        <xaml>ArcGISSilverlightSDK.MouseCoords</xaml>
        <source>Assets/Source/MouseCoords.xaml</source>
        <code>Assets/Source/MouseCoords.xaml.cs.txt</code>
        <codevb>Assets/Source/MouseCoords.xaml.vb.txt</codevb>
        <desc>Assets/Description/MouseCoords.txt</desc>
        <icon>Assets/images/small_bullet.png</icon>
        <keywords>MouseMove,GetPosition,ScreenToMap</keywords>
      </item>
      <item>
        <id>Switching Map Layers</id>
        <xaml>ArcGISSilverlightSDK.SwitchMap</xaml>
        <source>Assets/Source/SwitchMap.xaml</source>
        <code>Assets/Source/SwitchMap.xaml.cs.txt</code>
        <codevb>Assets/Source/SwitchMap.xaml.vb.txt</codevb>
        <desc>Assets/Description/SwitchMap.txt</desc>
        <icon>Assets/images/small_bullet.png</icon>
        <keywords>RadioButton,Url,ArcGISTiledMapServiceLayer</keywords>
      </item>
      <item>
        <id>Pan Buttons</id>
        <xaml>ArcGISSilverlightSDK.PanButtons</xaml>
        <source>Assets/Source/PanButtons.xaml</source>
        <code>Assets/Source/PanButtons.xaml.cs.txt</code>
        <codevb>Assets/Source/PanButtons.xaml.vb.txt</codevb>
        <desc>Assets/Description/PanButtons.txt</desc>
        <icon>Assets/images/small_bullet.png</icon>
        <keywords>Pan,Button,Rotate,Transform</keywords>
      </item>
      <item>
        <id>Adjust Map Animation</id>
        <xaml>ArcGISSilverlightSDK.MapAnimation</xaml>
        <source>Assets/Source/MapAnimation.xaml</source>
        <code>Assets/Source/MapAnimation.xaml.cs.txt</code>
        <codevb>Assets/Source/MapAnimation.xaml.vb.txt</codevb>
        <desc>Assets/Description/MapAnimation.txt</desc>
        <icon>Assets/images/small_bullet.png</icon>
        <keywords>ZoomDuration,PanDuration,</keywords>
      </item>
      <item>
        <id>Custom Zoom Box</id>
        <xaml>ArcGISSilverlightSDK.CustomZoomBox</xaml>
        <source>Assets/Source/CustomZoomBox.xaml</source>
        <code>Assets/Source/CustomZoomBox.xaml.cs.txt</code>
        <codevb>Assets/Source/CustomZoomBox.xaml.vb.txt</codevb>
        <desc>Assets/Description/CustomZoomBox.txt</desc>
        <icon>Assets/images/small_bullet.png</icon>
        <keywords>Style,ControlTemplate</keywords>
      </item>
      <item>
        <id>Add Layer Dynamically</id>
        <xaml>ArcGISSilverlightSDK.AddLayerDynamically</xaml>
        <source>Assets/Source/AddLayerDynamically.xaml</source>
        <code>Assets/Source/AddLayerDynamically.xaml.cs.txt</code>
        <codevb>Assets/Source/AddLayerDynamically.xaml.vb.txt</codevb>
        <desc>Assets/Description/AddLayerDynamically.txt</desc>
        <icon>Assets/images/small_bullet.png</icon>
        <keywords>ExtentChanged,ExtentChanging,Layers,Add</keywords>
      </item>
      <item>
        <id>Element Layer</id>
        <xaml>ArcGISSilverlightSDK.ElementLayer</xaml>
        <source>Assets/Source/ElementLayer.xaml</source>
        <code>Assets/Source/ElementLayer.xaml.cs.txt</code>
        <codevb>Assets/Source/ElementLayer.xaml.vb.txt</codevb>
        <desc>Assets/Description/ElementLayer.txt</desc>
        <icon>Assets/images/small_bullet.png</icon>
        <keywords>ElementLayer</keywords>
      </item>
      <item>
        <id>Element Layer - Media</id>
        <xaml>ArcGISSilverlightSDK.MediaLayer</xaml>
        <source>Assets/Source/MediaLayer.xaml</source>
        <code>Assets/Source/MediaLayer.xaml.cs.txt</code>
        <codevb>Assets/Source/MediaLayer.xaml.vb.txt</codevb>
        <desc>Assets/Description/MediaLayer.txt</desc>
        <icon>Assets/images/small_bullet.png</icon>
        <keywords>ElementLayer,MediaElement</keywords>
      </item>
      <item>
        <id>Scalebar</id>
        <xaml>ArcGISSilverlightSDK.Scalebar</xaml>
        <source>Assets/Source/Scalebar.xaml</source>
        <code>Assets/Source/Scalebar.xaml.cs.txt</code>
        <codevb>Assets/Source/Scalebar.xaml.vb.txt</codevb>
        <desc>Assets/Description/Scalebar.txt</desc>
        <icon>Assets/images/small_bullet.png</icon>
        <keywords>ScaleBar,CopyrightText,ControlTemplate</keywords>
      </item>
    </items>
  </Category>
  <Category>
    <name>Toolkit Controls</name>
    <icon>Assets/images/globe-16x16.png</icon>
    <items>
      <item>
        <id>Attribution</id>
        <xaml>ArcGISSilverlightSDK.Attribution</xaml>
        <source>Assets/Source/Attribution.xaml</source>
        <code>Assets/Source/Attribution.xaml.cs.txt</code>
        <codevb>Assets/Source/Attribution.xaml.vb.txt</codevb>
        <desc>Assets/Description/Attribution.txt</desc>
        <icon>Assets/images/small_bullet.png</icon>
        <keywords>Bookmark</keywords>
      </item>
      <item>
        <id>Bookmarks</id>
        <xaml>ArcGISSilverlightSDK.Bookmarks</xaml>
        <source>Assets/Source/Bookmarks.xaml</source>
        <code>Assets/Source/Bookmarks.xaml.cs.txt</code>
        <codevb>Assets/Source/Bookmarks.xaml.vb.txt</codevb>
        <desc>Assets/Description/Bookmarks.txt</desc>
        <icon>Assets/images/small_bullet.png</icon>
        <keywords>Bookmark</keywords>
      </item>
      <item>
        <id>FeatureDataGrid</id>
        <xaml>ArcGISSilverlightSDK.FeatureDataGrid</xaml>
        <source>Assets/Source/FeatureDataGrid.xaml</source>
        <code>Assets/Source/FeatureDataGrid.xaml.cs.txt</code>
        <codevb>Assets/Source/FeatureDataGrid.xaml.vb.txt</codevb>
        <desc>Assets/Description/FeatureDataGrid.txt</desc>
        <icon>Assets/images/small_bullet.png</icon>
        <keywords>FeatureDataGrid,VisualStateManager,FeatureLayer,ScrollIntoView</keywords>
      </item>
      <item>
        <id>InfoWindow</id>
        <xaml>ArcGISSilverlightSDK.InfoWindowSimple</xaml>
        <source>Assets/Source/InfoWindowSimple.xaml</source>
        <code>Assets/Source/InfoWindowSimple.xaml.cs.txt</code>
        <codevb>Assets/Source/InfoWindowSimple.xaml.vb.txt</codevb>
        <desc>Assets/Description/InfoWindowSimple.txt</desc>
        <icon>Assets/images/small_bullet.png</icon>
        <keywords>InfoWindow</keywords>
      </item>
      <item>
        <id>Legend</id>
        <xaml>ArcGISSilverlightSDK.LegendSimple</xaml>
        <source>Assets/Source/LegendSimple.xaml</source>
        <code>Assets/Source/LegendSimple.xaml.cs.txt</code>
        <codevb>Assets/Source/LegendSimple.xaml.vb.txt</codevb>
        <desc>Assets/Description/LegendSimple.txt</desc>
        <icon>Assets/images/small_bullet.png</icon>
        <keywords>Legend</keywords>
      </item>
      <item>
        <id>Legend with Templates</id>
        <xaml>ArcGISSilverlightSDK.LegendWithTemplates</xaml>
        <source>Assets/Source/LegendWithTemplates.xaml</source>
        <code>Assets/Source/LegendWithTemplates.xaml.cs.txt</code>
        <codevb>Assets/Source/LegendWithTemplates.xaml.vb.txt</codevb>
        <desc>Assets/Description/LegendWithTemplates.txt</desc>
        <icon>Assets/images/small_bullet.png</icon>
        <keywords>Legend,Templates</keywords>
      </item>
      <item>
        <id>Magnifier</id>
        <xaml>ArcGISSilverlightSDK.Magnify</xaml>
        <source>Assets/Source/Magnify.xaml</source>
        <code>Assets/Source/Magnify.xaml.cs.txt</code>
        <codevb>Assets/Source/Magnify.xaml.vb.txt</codevb>
        <desc>Assets/Description/Magnify.txt</desc>
        <icon>Assets/images/small_bullet.png</icon>
        <keywords>Magnifier</keywords>
      </item>
      <item>
        <id>MagnifyingGlass</id>
        <xaml>ArcGISSilverlightSDK.MagnifyingGlass</xaml>
        <source>Assets/Source/MagnifyingGlass.xaml</source>
        <code>Assets/Source/MagnifyingGlass.xaml.cs.txt</code>
        <codevb>Assets/Source/MagnifyingGlass.xaml.vb.txt</codevb>
        <desc>Assets/Description/MagnifyingGlass.txt</desc>
        <icon>Assets/images/small_bullet.png</icon>
        <keywords>MagnifyingGlass</keywords>
      </item>
      <item>
        <id>MapProgressBar</id>
        <xaml>ArcGISSilverlightSDK.MapProgressBar</xaml>
        <source>Assets/Source/MapProgressBar.xaml</source>
        <code>Assets/Source/MapProgressBar.xaml.cs.txt</code>
        <codevb>Assets/Source/MapProgressBar.xaml.vb.txt</codevb>
        <desc>Assets/Description/MapProgressBar.txt</desc>
        <icon>Assets/images/small_bullet.png</icon>
        <keywords>MapProgressBar</keywords>
      </item>
      <item>
        <id>MapTips</id>
        <xaml>ArcGISSilverlightSDK.MapTipWidget</xaml>
        <source>Assets/Source/MapTipWidget.xaml</source>
        <code>Assets/Source/MapTipWidget.xaml.cs.txt</code>
        <codevb>Assets/Source/MapTipWidget.xaml.vb.txt</codevb>
        <desc>Assets/Description/MapTipWidget.txt</desc>
        <icon>Assets/images/small_bullet.png</icon>
        <keywords>MapTip</keywords>
      </item>
      <item>
        <id>Navigation</id>
        <xaml>ArcGISSilverlightSDK.Navigation</xaml>
        <source>Assets/Source/Navigation.xaml</source>
        <code>Assets/Source/Navigation.xaml.cs.txt</code>
        <codevb>Assets/Source/Navigation.xaml.vb.txt</codevb>
        <desc>Assets/Description/Navigation.txt</desc>
        <icon>Assets/images/small_bullet.png</icon>
        <keywords>Navigation</keywords>
      </item>
      <item>
        <id>OverviewMap</id>
        <xaml>ArcGISSilverlightSDK.OverviewMap</xaml>
        <source>Assets/Source/OverviewMap.xaml</source>
        <code>Assets/Source/OverviewMap.xaml.cs.txt</code>
        <codevb>Assets/Source/OverviewMap.xaml.vb.txt</codevb>
        <desc>Assets/Description/OverviewMap.txt</desc>
        <icon>Assets/images/small_bullet.png</icon>
        <keywords>OverviewMap</keywords>
      </item>
      <item>
        <id>ScaleLine</id>
        <xaml>ArcGISSilverlightSDK.Scaleline</xaml>
        <source>Assets/Source/Scaleline.xaml</source>
        <code>Assets/Source/Scaleline.xaml.cs.txt</code>
        <codevb>Assets/Source/Scaleline.xaml.vb.txt</codevb>
        <desc>Assets/Description/Scaleline.txt</desc>
        <icon>Assets/images/small_bullet.png</icon>
        <keywords>ScaleLine</keywords>
      </item>
      <item>
        <id>Toolbar</id>
        <xaml>ArcGISSilverlightSDK.ToolBarWidget</xaml>
        <source>Assets/Source/ToolBarWidget.xaml</source>
        <code>Assets/Source/ToolBarWidget.xaml.cs.txt</code>
        <codevb>Assets/Source/ToolBarWidget.xaml.vb.txt</codevb>
        <desc>Assets/Description/ToolBarWidget.txt</desc>
        <icon>Assets/images/small_bullet.png</icon>
        <keywords>Toolbar,ToolbarItemCollection</keywords>
      </item>
    </items>
  </Category>
  <Category>
    <name>Toolkit Data Sources</name>
    <icon>Assets/images/globe-16x16.png</icon>
    <items>
      <item>
        <id>OpenStreetMap</id>
        <xaml>ArcGISSilverlightSDK.OpenStreetMapSimple</xaml>
        <source>Assets/Source/OpenStreetMapSimple.xaml</source>
        <code>Assets/Source/OpenStreetMapSimple.xaml.cs.txt</code>
        <codevb>Assets/Source/OpenStreetMapSimple.xaml.vb.txt</codevb>
        <desc>Assets/Description/OpenStreetMapSimple.txt</desc>
        <icon>Assets/images/small_bullet.png</icon>
        <keywords>OpenStreetMap,OpenStreetMapLayer</keywords>
      </item>
      <item>
        <id>HeatMap</id>
        <xaml>ArcGISSilverlightSDK.HeatMapLayerSimple</xaml>
        <source>Assets/Source/HeatMapLayerSimple.xaml</source>
        <code>Assets/Source/HeatMapLayerSimple.xaml.cs.txt</code>
        <codevb>Assets/Source/HeatMapLayerSimple.xaml.vb.txt</codevb>
        <desc>Assets/Description/HeatMapLayerSimple.txt</desc>
        <icon>Assets/images/small_bullet.png</icon>
        <keywords>HeatMap,HeatMapLayer</keywords>
      </item>
      <item>
        <id>GeoRss</id>
        <xaml>ArcGISSilverlightSDK.GeoRssSimple</xaml>
        <source>Assets/Source/GeoRssSimple.xaml</source>
        <code>Assets/Source/GeoRssSimple.xaml.cs.txt</code>
        <codevb>Assets/Source/GeoRssSimple.xaml.vb.txt</codevb>
        <desc>Assets/Description/GeoRssSimple.txt</desc>
        <icon>Assets/images/small_bullet.png</icon>
        <keywords>GeoRssSimple,GeoRssLayer,GeoRss</keywords>
      </item>
      <item>
        <id>KML</id>
        <xaml>ArcGISSilverlightSDK.KmlLayerSimple</xaml>
        <source>Assets/Source/KmlLayerSimple.xaml</source>
        <code>Assets/Source/KmlLayerSimple.xaml.cs.txt</code>
        <codevb>Assets/Source/KmlLayerSimple.xaml.vb.txt</codevb>
        <desc>Assets/Description/KmlLayerSimple.txt</desc>
        <icon>Assets/images/small_bullet.png</icon>
        <keywords>KmlLayer,KmlLayerSimple</keywords>
      </item>
      <item>
        <id>WMS</id>
        <xaml>ArcGISSilverlightSDK.WmsLayerSimple</xaml>
        <source>Assets/Source/WmsLayerSimple.xaml</source>
        <code>Assets/Source/WmsLayerSimple.xaml.cs.txt</code>
        <codevb>Assets/Source/WmsLayerSimple.xaml.vb.txt</codevb>
        <desc>Assets/Description/WmsLayerSimple.txt</desc>
        <icon>Assets/images/small_bullet.png</icon>
        <keywords>WmsLayerSimple,WmsLayer</keywords>
      </item>
    </items>
  </Category>
  <Category>
    <name>Behaviors &amp; Actions</name>
    <icon>Assets/images/globe-16x16.png</icon>
    <items>
      <item>
        <id>Constrain Extent Behavior</id>
        <xaml>ArcGISSilverlightSDK.ConstrainExtentBehavior</xaml>
        <source>Assets/Source/ConstrainExtentBehavior.xaml</source>
        <code>Assets/Source/ConstrainExtentBehavior.xaml.cs.txt</code>
        <codevb>Assets/Source/ConstrainExtentBehavior.xaml.vb.txt</codevb>
        <desc>Assets/Description/ConstrainExtentBehavior.txt</desc>
        <icon>Assets/images/small_bullet.png</icon>
        <keywords>ConstrainExtentBehavior</keywords>
      </item>
      <item>
        <id>Maintain Extent Behavior</id>
        <xaml>ArcGISSilverlightSDK.MaintainExtentBehavior</xaml>
        <source>Assets/Source/MaintainExtentBehavior.xaml</source>
        <code>Assets/Source/MaintainExtentBehavior.xaml.cs.txt</code>
        <codevb>Assets/Source/MaintainExtentBehavior.xaml.vb.txt</codevb>
        <desc>Assets/Description/MaintainExtentBehavior.txt</desc>
        <icon>Assets/images/small_bullet.png</icon>
        <keywords>MaintainExtentBehavior</keywords>
      </item>
      <item>
        <id>Show Coordinates Behavior</id>
        <xaml>ArcGISSilverlightSDK.ShowCoordinatesBehavior</xaml>
        <source>Assets/Source/ShowCoordinatesBehavior.xaml</source>
        <code>Assets/Source/ShowCoordinatesBehavior.xaml.cs.txt</code>
        <codevb>Assets/Source/ShowCoordinatesBehavior.xaml.vb.txt</codevb>
        <desc>Assets/Description/ShowCoordinatesBehavior.txt</desc>
        <icon>Assets/images/small_bullet.png</icon>
        <keywords>ShowCoordinatesBehavior</keywords>
      </item>
      <item>
        <id>Graphics Actions</id>
        <xaml>ArcGISSilverlightSDK.GraphicsActions</xaml>
        <source>Assets/Source/GraphicsActions.xaml</source>
        <code>Assets/Source/GraphicsActions.xaml.cs.txt</code>
        <codevb>Assets/Source/GraphicsActions.xaml.vb.txt</codevb>
        <desc>Assets/Description/GraphicsActions.txt</desc>
        <icon>Assets/images/small_bullet.png</icon>
        <keywords>ClearGraphicsAction,RedlineAction,SpatialQueryAction</keywords>
      </item>
      <item>
        <id>Layer Actions</id>
        <xaml>ArcGISSilverlightSDK.LayerActions</xaml>
        <source>Assets/Source/LayerActions.xaml</source>
        <code>Assets/Source/LayerActions.xaml.cs.txt</code>
        <codevb>Assets/Source/LayerActions.xaml.vb.txt</codevb>
        <desc>Assets/Description/LayerActions.txt</desc>
        <icon>Assets/images/small_bullet.png</icon>
        <keywords>ToggleLayerAction,UpdateFeatureLayerAction,ZoomToLayerAction</keywords>
      </item>
      <item>
        <id>Navigation Actions</id>
        <xaml>ArcGISSilverlightSDK.NavigationActions</xaml>
        <source>Assets/Source/NavigationActions.xaml</source>
        <code>Assets/Source/NavigationActions.xaml.cs.txt</code>
        <codevb>Assets/Source/NavigationActions.xaml.vb.txt</codevb>
        <desc>Assets/Description/NavigationActions.txt</desc>
        <icon>Assets/images/small_bullet.png</icon>
        <keywords>PanToAction,ZoomToAction,ZoomToFullExtentAction</keywords>
      </item>
      <item>
        <id>Utility Actions</id>
        <xaml>ArcGISSilverlightSDK.UtilityActions</xaml>
        <source>Assets/Source/UtilityActions.xaml</source>
        <code>Assets/Source/UtilityActions.xaml.cs.txt</code>
        <codevb>Assets/Source/UtilityActions.xaml.vb.txt</codevb>
        <desc>Assets/Description/UtilityActions.txt</desc>
        <icon>Assets/images/small_bullet.png</icon>
        <keywords>MeasureAction</keywords>
      </item>
    </items>
  </Category>
  <Category>
    <name>Graphics</name>
    <icon>Assets/images/globe-16x16.png</icon>
    <items>
      <item>
        <id>Add using XAML</id>
        <xaml>ArcGISSilverlightSDK.AddGraphicsXAML</xaml>
        <source>Assets/Source/AddGraphicsXAML.xaml</source>
        <code>Assets/Source/AddGraphicsXAML.xaml.cs.txt</code>
        <codevb>Assets/Source/AddGraphicsXAML.xaml.vb.txt</codevb>
        <desc>Assets/Description/AddGraphicsXAML.txt</desc>
        <icon>Assets/images/small_bullet.png</icon>
        <keywords>GraphicsLayer,Symbol,CartographicLineSymbol,PictureMarkerSymbol,PictureFillSymbol,MapPoint,PointCollection,Rings</keywords>
      </item>
      <item>
        <id>Add using code</id>
        <xaml>ArcGISSilverlightSDK.AddGraphics</xaml>
        <source>Assets/Source/AddGraphics.xaml</source>
        <code>Assets/Source/AddGraphics.xaml.cs.txt</code>
        <codevb>Assets/Source/AddGraphics.xaml.vb.txt</codevb>
        <desc>Assets/Description/AddGraphics.txt</desc>
        <icon>Assets/images/small_bullet.png</icon>
        <keywords>GraphicsLayer,Symbol,Geometry,Graphic,TextSymbol,PointCollectionConverter,DataContractJsonSerializer,DataContract,DataMember</keywords>
      </item>
      <item>
        <id>Add interactively</id>
        <xaml>ArcGISSilverlightSDK.DrawGraphics</xaml>
        <source>Assets/Source/DrawGraphics.xaml</source>
        <code>Assets/Source/DrawGraphics.xaml.cs.txt</code>
        <codevb>Assets/Source/DrawGraphics.xaml.vb.txt</codevb>
        <desc>Assets/Description/DrawGraphics.txt</desc>
        <icon>Assets/images/small_bullet.png</icon>
        <keywords>GraphicsLayer,Toolbar,ToolbarItem,Draw,Geometry,Symbol</keywords>
      </item>
      <item>
        <id>Custom symbols</id>
        <xaml>ArcGISSilverlightSDK.CustomSymbols</xaml>
        <source>Assets/Source/CustomSymbols.xaml</source>
        <code>Assets/Source/CustomSymbols.xaml.cs.txt</code>
        <codevb>Assets/Source/CustomSymbols.xaml.vb.txt</codevb>
        <desc>Assets/Description/CustomSymbols.txt</desc>
        <icon>Assets/images/small_bullet.png</icon>
        <keywords>GraphicsLayer,Symbol,ControlTemplate,VisualStateManager,StoryBoard,Brush,RenderTransform,MouseOver</keywords>
      </item>
      <item>
        <id>Selections</id>
        <xaml>ArcGISSilverlightSDK.SelectGraphics</xaml>
        <source>Assets/Source/SelectGraphics.xaml</source>
        <code>Assets/Source/SelectGraphics.xaml.cs.txt</code>
        <codevb>Assets/Source/SelectGraphics.xaml.vb.txt</codevb>
        <desc>Assets/Description/SelectGraphics.txt</desc>
        <icon>Assets/images/small_bullet.png</icon>
        <keywords>GraphicsLayer,Graphic,Symbol,MouseLeftButtonDown,Selected,ControlTemplate,VisualStateManager,StoryBoard</keywords>
      </item>
      <item>
        <id>Video fills</id>
        <xaml>ArcGISSilverlightSDK.VideoFills</xaml>
        <source>Assets/Source/VideoFills.xaml</source>
        <code>Assets/Source/VideoFills.xaml.cs.txt</code>
        <codevb>Assets/Source/VideoFills.xaml.vb.txt</codevb>
        <desc>Assets/Description/VideoFills.txt</desc>
        <icon>Assets/images/small_bullet.png</icon>
        <keywords>FillSymbol,MediaElement,IsHitTestVisible,GraphicsLayer,FeatureLayer,QueryTask,FeatureSet</keywords>
      </item>
      <item>
        <id>Simple Clusterer</id>
        <xaml>ArcGISSilverlightSDK.SimpleClusterer</xaml>
        <source>Assets/Source/SimpleClusterer.xaml</source>
        <code>Assets/Source/SimpleClusterer.xaml.cs.txt</code>
        <codevb>Assets/Source/SimpleClusterer.xaml.vb.txt</codevb>
        <desc>Assets/Description/SimpleClusterer.txt</desc>
        <icon>Assets/images/small_bullet.png</icon>
        <keywords>Clusterer,FlareClusterer,QueryTask,GraphicsLayer</keywords>
      </item>
      <item>
        <id>Custom Clusterer</id>
        <xaml>ArcGISSilverlightSDK.CustomClusterer</xaml>
        <source>Assets/Source/CustomClusterer.xaml</source>
        <code>Assets/Source/CustomClusterer.xaml.cs.txt</code>
        <codevb>Assets/Source/CustomClusterer.xaml.vb.txt</codevb>
        <desc>Assets/Description/CustomClusterer.txt</desc>
        <icon>Assets/images/small_bullet.png</icon>SumClusterer
        <keywords>SumClusterer,Clusterer,FeatureLayer,MapTip</keywords>
      </item>
      <item>
        <id>MapTips</id>
        <xaml>ArcGISSilverlightSDK.GraphicsMapTip</xaml>
        <source>Assets/Source/MapTip.xaml</source>
        <code>Assets/Source/MapTip.xaml.cs.txt</code>
        <codevb>Assets/Source/MapTip.xaml.vb.txt</codevb>
        <desc>Assets/Description/MapTip.txt</desc>
        <icon>Assets/images/small_bullet.png</icon>
        <keywords>GraphicsLayer,MapTip,MapTipHideDelay,QueryTask,Initialized</keywords>
      </item>
      <item>
        <id>Rendering with XAML</id>
        <xaml>ArcGISSilverlightSDK.RenderersXAML</xaml>
        <source>Assets/Source/RenderersXAML.xaml</source>
        <code>Assets/Source/RenderersXAML.xaml.cs.txt</code>
        <codevb>Assets/Source/RenderersXAML.xaml.vb.txt</codevb>
        <desc>Assets/Description/RenderersXAML.txt</desc>
        <icon>Assets/images/small_bullet.png</icon>
        <keywords>ClassBreaksRenderer,UniqueValueRenderer,SimpleRenderer,FeatureLayer,Mode,OnDemand,Renderer</keywords>
      </item>
      <item>
        <id>Rendering with code</id>
        <xaml>ArcGISSilverlightSDK.Thematic_Interactive</xaml>
        <source>Assets/Source/Thematic_Interactive.xaml</source>
        <code>Assets/Source/Thematic_Interactive.xaml.cs.txt</code>
        <codevb>Assets/Source/Thematic_Interactive.xaml.vb.txt</codevb>
        <desc>Assets/Description/Thematic_Interactive.txt</desc>
        <icon>Assets/images/small_bullet.png</icon>
        <keywords>Legend,Thematic,EqualInterval,Quantile,QueryTask,UpdateLayout</keywords>
      </item>
      <item>
        <id>Show GeoRSS Feed</id>
        <xaml>ArcGISSilverlightSDK.GeoRSS</xaml>
        <source>Assets/Source/GeoRSS.xaml</source>
        <code>Assets/Source/GeoRSS.xaml.cs.txt</code>
        <codevb>Assets/Source/GeoRSS.xaml.vb.txt</codevb>
        <desc>Assets/Description/GeoRSS.txt</desc>
        <icon>Assets/images/small_bullet.png</icon>
        <keywords>GeoRSS,GraphicsLayer,DispatcherTimer,LINQ,SyndicationFeed,XmlReader</keywords>
      </item>
      <item>
        <id>Using GraphicsSource</id>
        <xaml>ArcGISSilverlightSDK.UsingGraphicsSource</xaml>
        <source>Assets/Source/UsingGraphicsSource.xaml</source>
        <code>Assets/Source/UsingGraphicsSource.xaml.cs.txt</code>
        <codevb>Assets/Source/UsingGraphicsSource.xaml.vb.txt</codevb>
        <desc>Assets/Description/UsingGraphicsSource.txt</desc>
        <icon>Assets/images/small_bullet.png</icon>
        <keywords>GraphicsSource,GraphicsLayer</keywords>
      </item>
    </items>
  </Category>
  <Category>
    <name>Query</name>
    <icon>Assets/images/globe-16x16.png</icon>
    <items>
      <item>
        <id>Query only</id>
        <xaml>ArcGISSilverlightSDK.QueryWithoutMap</xaml>
        <source>Assets/Source/QueryWithoutMap.xaml</source>
        <code>Assets/Source/QueryWithoutMap.xaml.cs.txt</code>
        <codevb>Assets/Source/QueryWithoutMap.xaml.vb.txt</codevb>
        <desc>Assets/Description/QueryWithoutMap.txt</desc>
        <icon>Assets/images/small_bullet.png</icon>
        <keywords>DataGrid,QueryTask</keywords>
      </item>
      <item>
        <id>Attribute Query</id>
        <xaml>ArcGISSilverlightSDK.AttributeQuery</xaml>
        <source>Assets/Source/AttributeQuery.xaml</source>
        <code>Assets/Source/AttributeQuery.xaml.cs.txt</code>
        <codevb>Assets/Source/AttributeQuery.xaml.vb.txt</codevb>
        <desc>Assets/Description/AttributeQuery.txt</desc>
        <icon>Assets/images/small_bullet.png</icon>
        <keywords>AttributeQuery,QueryTask</keywords>
      </item>
      <item>
        <id>Spatial Query</id>
        <xaml>ArcGISSilverlightSDK.SpatialQuery</xaml>
        <source>Assets/Source/SpatialQuery.xaml</source>
        <code>Assets/Source/SpatialQuery.xaml.cs.txt</code>
        <codevb>Assets/Source/SpatialQuery.xaml.vb.txt</codevb>
        <desc>Assets/Description/SpatialQuery.txt</desc>
        <icon>Assets/images/small_bullet.png</icon>
        <keywords>SpatialQuery,QueryTask,DataGrid,DataGridRowHeader,DataGridCellsPresenter,DataGridDetailsPresenter,DataGridFrozenGrid,ControlTemplate,VisualStateManager,GraphicsLayer,Toolbar</keywords>
      </item>
      <item>
        <id>Identify</id>
        <xaml>ArcGISSilverlightSDK.Identify</xaml>
        <source>Assets/Source/Identify.xaml</source>
        <code>Assets/Source/Identify.xaml.cs.txt</code>
        <codevb>Assets/Source/Identify.xaml.vb.txt</codevb>
        <desc>Assets/Description/Identify.txt</desc>
        <icon>Assets/images/small_bullet.png</icon>
        <keywords>Identify,DataGrid,PictureMarkerSymbol</keywords>
      </item>
      <item>
        <id>Find</id>
        <xaml>ArcGISSilverlightSDK.Find</xaml>
        <source>Assets/Source/Find.xaml</source>
        <code>Assets/Source/Find.xaml.cs.txt</code>
        <codevb>Assets/Source/Find.xaml.vb.txt</codevb>
        <desc>Assets/Description/Find.txt</desc>
        <icon>Assets/images/small_bullet.png</icon>
        <keywords>Find,DataGrid,SetBinding,SelectionChanged</keywords>
      </item>
      <item>
        <id>Query Related Records</id>
        <xaml>ArcGISSilverlightSDK.QueryRelatedRecords</xaml>
        <source>Assets/Source/QueryRelatedRecords.xaml</source>
        <code>Assets/Source/QueryRelatedRecords.xaml.cs.txt</code>
        <codevb>Assets/Source/QueryRelatedRecords.xaml.vb.txt</codevb>
        <desc>Assets/Description/QueryRelatedRecords.txt</desc>
        <icon>Assets/images/small_bullet.png</icon>
        <keywords>DataGrid,QueryTask,Relation,RelationshipResult</keywords>
      </item>
      <item>
        <id>Query with a Buffer</id>
        <xaml>ArcGISSilverlightSDK.BufferQuery</xaml>
        <source>Assets/Source/BufferQuery.xaml</source>
        <code>Assets/Source/BufferQuery.xaml.cs.txt</code>
        <codevb>Assets/Source/BufferQuery.xaml.vb.txt</codevb>
        <desc>Assets/Description/BufferQuery.txt</desc>
        <icon>Assets/images/small_bullet.png</icon>
        <keywords>Buffer,GeometryService,QueryTask,CancelAsync,SetZIndex,OutSpatialReference</keywords>
      </item>
    </items>
  </Category>
  <Category>
    <name>Feature Layers</name>
    <icon>Assets/images/globe-16x16.png</icon>
    <items>
      <item>
        <id>Simple</id>
        <xaml>ArcGISSilverlightSDK.FeatureLayerSimple</xaml>
        <source>Assets/Source/FeatureLayerSimple.xaml</source>
        <code>Assets/Source/FeatureLayerSimple.xaml.cs.txt</code>
        <codevb>Assets/Source/FeatureLayerSimple.xaml.vb.txt</codevb>
        <desc>Assets/Description/FeatureLayerSimple.txt</desc>
        <icon>Assets/images/small_bullet.png</icon>
        <keywords>FeatureLayer,Where</keywords>
      </item>
      <item>
        <id>Filtering</id>
        <xaml>ArcGISSilverlightSDK.FeatureLayerFiltering</xaml>
        <source>Assets/Source/FeatureLayerFiltering.xaml</source>
        <code>Assets/Source/FeatureLayerFiltering.xaml.cs.txt</code>
        <codevb>Assets/Source/FeatureLayerFiltering.xaml.vb.txt</codevb>
        <desc>Assets/Description/FeatureLayerFiltering.txt</desc>
        <icon>Assets/images/small_bullet.png</icon>
        <keywords>FeatureLayer,Geometry,Where,Attributes</keywords>
      </item>
      <item>
        <id>Rendering</id>
        <xaml>ArcGISSilverlightSDK.FeatureLayerRendering</xaml>
        <source>Assets/Source/FeatureLayerRendering.xaml</source>
        <code>Assets/Source/FeatureLayerRendering.xaml.cs.txt</code>
        <codevb>Assets/Source/FeatureLayerRendering.xaml.vb.txt</codevb>
        <desc>Assets/Description/FeatureLayerRendering.txt</desc>
        <icon>Assets/images/small_bullet.png</icon>
        <keywords>FeatureLayer,VisualStateManager,DoubleAnimation,ControlTemplate,ClassBreakRenderer,ClassBreakInfo,UniqueValueRenderer,UniqueValueInfos,SimpleRenderer,Clusterer</keywords>
      </item>
      <item>
        <id>MapTips</id>
        <xaml>ArcGISSilverlightSDK.FeatureLayerMapTips</xaml>
        <source>Assets/Source/FeatureLayerMapTips.xaml</source>
        <code>Assets/Source/FeatureLayerMapTips.xaml.cs.txt</code>
        <codevb>Assets/Source/FeatureLayerMapTips.xaml.vb.txt</codevb>
        <desc>Assets/Description/FeatureLayerMapTips.txt</desc>
        <icon>Assets/images/small_bullet.png</icon>
        <keywords>FeatureLayer,MapTip</keywords>
      </item>
      <item>
        <id>Selection</id>
        <xaml>ArcGISSilverlightSDK.FeatureLayerSelection</xaml>
        <source>Assets/Source/FeatureLayerSelection.xaml</source>
        <code>Assets/Source/FeatureLayerSelection.xaml.cs.txt</code>
        <codevb>Assets/Source/FeatureLayerSelection.xaml.vb.txt</codevb>
        <desc>Assets/Description/FeatureLayerSelection.txt</desc>
        <icon>Assets/images/small_bullet.png</icon>
        <keywords>FeatureLayer,Editor,MapTip,SelectionOnly,Command</keywords>
      </item>
      <item>
        <id>On Demand</id>
        <xaml>ArcGISSilverlightSDK.FeatureLayerOnDemand</xaml>
        <source>Assets/Source/FeatureLayerOnDemand.xaml</source>
        <code>Assets/Source/FeatureLayerOnDemand.xaml.cs.txt</code>
        <codevb>Assets/Source/FeatureLayerOnDemand.xaml.vb.txt</codevb>
        <desc>Assets/Description/FeatureLayerOnDemand.txt</desc>
        <icon>Assets/images/small_bullet.png</icon>
        <keywords>FeatureLayer,OnDemandCacheSize,OnDemand,MapTip</keywords>
      </item>
    </items>
  </Category>
  <Category>
    <name>Editing</name>
    <icon>Assets/images/globe-16x16.png</icon>
    <items>
      <item>
        <id>Editor Widget</id>
        <xaml>ArcGISSilverlightSDK.ToolkitEditorWidget</xaml>
        <source>Assets/Source/ToolkitEditorWidget.xaml</source>
        <code>Assets/Source/ToolkitEditorWidget.xaml.cs.txt</code>
        <codevb>Assets/Source/ToolkitEditorWidget.xaml.vb.txt</codevb>
        <desc>Assets/Description/ToolkitEditorWidget.txt</desc>
        <icon>Assets/images/small_bullet.png</icon>
        <keywords>EditorWidget,FeatureLayer,AutoSave,OnDemand,Toolkit</keywords>
      </item>
      <item>
        <id>Template Picker</id>
        <xaml>ArcGISSilverlightSDK.ToolkitTemplatePicker</xaml>
        <source>Assets/Source/ToolkitTemplatePicker.xaml</source>
        <code>Assets/Source/ToolkitTemplatePicker.xaml.cs.txt</code>
        <codevb>Assets/Source/ToolkitTemplatePicker.xaml.vb.txt</codevb>
        <desc>Assets/Description/ToolkitTemplatePicker.txt</desc>
        <icon>Assets/images/small_bullet.png</icon>
        <keywords>TemplatePicker,FeatureLayer,Toolkit</keywords>
      </item>
      <item>
        <id>Template Picker Styles</id>
        <xaml>ArcGISSilverlightSDK.ToolkitTemplatePickerStyles</xaml>
        <source>Assets/Source/ToolkitTemplatePickerStyles.xaml</source>
        <code>Assets/Source/ToolkitTemplatePickerStyles.xaml.cs.txt</code>
        <codevb>Assets/Source/ToolkitTemplatePickerStyles.xaml.vb.txt</codevb>
        <desc>Assets/Description/ToolkitTemplatePickerStyles.txt</desc>
        <icon>Assets/images/small_bullet.png</icon>
        <keywords>TemplatePicker,FeatureLayer,Toolkit,ControlTemplate,DataTemplate</keywords>
      </item>
      <item>
        <id>Feature Data Form</id>
        <xaml>ArcGISSilverlightSDK.ToolkitFeatureDataForm</xaml>
        <source>Assets/Source/ToolkitFeatureDataForm.xaml</source>
        <code>Assets/Source/ToolkitFeatureDataForm.xaml.cs.txt</code>
        <codevb>Assets/Source/ToolkitFeatureDataForm.xaml.vb.txt</codevb>
        <desc>Assets/Description/ToolkitFeatureDataForm.txt</desc>
        <icon>Assets/images/small_bullet.png</icon>
        <keywords>Toolkit,FeatureLayer,FeatureDataForm</keywords>
      </item>
      <item>
        <id>Feature Data Grid</id>
        <xaml>ArcGISSilverlightSDK.ToolkitFeatureDataGrid</xaml>
        <source>Assets/Source/ToolkitFeatureDataGrid.xaml</source>
        <code>Assets/Source/ToolkitFeatureDataGrid.xaml.cs.txt</code>
        <codevb>Assets/Source/ToolkitFeatureDataGrid.xaml.vb.txt</codevb>
        <desc>Assets/Description/ToolkitFeatureDataGrid.txt</desc>
        <icon>Assets/images/small_bullet.png</icon>
        <keywords>Toolkit,FeatureDataGrid,FeatureLayer,ColorAnimation,DoubleAnimation,VisualStateManager,OnDemand,AutoSave</keywords>
      </item>
      <item>
        <id>Attachment Editor</id>
        <xaml>ArcGISSilverlightSDK.ToolkitAttachmentEditor</xaml>
        <source>Assets/Source/ToolkitAttachmentEditor.xaml</source>
        <code>Assets/Source/ToolkitAttachmentEditor.xaml.cs.txt</code>
        <codevb>Assets/Source/ToolkitAttachmentEditor.xaml.vb.txt</codevb>
        <desc>Assets/Description/ToolkitAttachmentEditor.txt</desc>
        <icon>Assets/images/small_bullet.png</icon>
        <keywords>AttachmentEditor,FeatureLayer,UnSelect</keywords>
      </item>
      <item>
        <id>Edit Tools - Auto Save</id>
        <xaml>ArcGISSilverlightSDK.EditToolsAutoSave</xaml>
        <source>Assets/Source/EditToolsAutoSave.xaml</source>
        <code>Assets/Source/EditToolsAutoSave.xaml.cs.txt</code>
        <codevb>Assets/Source/EditToolsAutoSave.xaml.vb.txt</codevb>
        <desc>Assets/Description/EditToolsAutoSave.txt</desc>
        <icon>Assets/images/small_bullet.png</icon>
        <keywords>Editor,FeatureLayer,AutoSave,ValidateEdits,OnDemand,Snap</keywords>
      </item>
      <item>
        <id>Edit Tools - Explicit Save</id>
        <xaml>ArcGISSilverlightSDK.EditToolsExplicitSave</xaml>
        <source>Assets/Source/EditToolsExplicitSave.xaml</source>
        <code>Assets/Source/EditToolsExplicitSave.xaml.cs.txt</code>
        <codevb>Assets/Source/EditToolsExplicitSave.xaml.vb.txt</codevb>
        <desc>Assets/Description/EditToolsExplicitSave.txt</desc>
        <icon>Assets/images/small_bullet.png</icon>
        <keywords>Editor,FeatureLayer,AutoSave,ValidateEdits,Save,Cancel,Update,HasEdits</keywords>
      </item>
      <item>
        <id>Edit Tools - Geometry</id>
        <xaml>ArcGISSilverlightSDK.EditToolsGeometry</xaml>
        <source>Assets/Source/EditToolsGeometry.xaml</source>
        <code>Assets/Source/EditToolsGeometry.xaml.cs.txt</code>
        <codevb>Assets/Source/EditToolsGeometry.xaml.vb.txt</codevb>
        <desc>Assets/Description/EditToolsGeometry.txt</desc>
        <icon>Assets/images/small_bullet.png</icon>
        <keywords>EditGeometry,GraphicsLayer,Graphics,Undo,Redo</keywords>
      </item>
    </items>
  </Category>
  <Category>
    <name>Time-Aware Layers</name>
    <icon>Assets/images/globe-16x16.png</icon>
    <items>
      <item>
        <id>TimeSlider - Map Service</id>
        <xaml>ArcGISSilverlightSDK.TimeMapService</xaml>
        <source>Assets/Source/TimeMapService.xaml</source>
        <code>Assets/Source/TimeMapService.xaml.cs.txt</code>
        <codevb>Assets/Source/TimeMapService.xaml.vb.txt</codevb>
        <desc>Assets/Description/TimeMapService.txt</desc>
        <icon>Assets/images/small_bullet.png</icon>
        <keywords>ArcGISDynamicMapServiceLayer,TimeSlider</keywords>
      </item>
      <item>
        <id>TimeSlider - Feature Layer</id>
        <xaml>ArcGISSilverlightSDK.TimeFeatureLayer</xaml>
        <source>Assets/Source/TimeFeatureLayer.xaml</source>
        <code>Assets/Source/TimeFeatureLayer.xaml.cs.txt</code>
        <codevb>Assets/Source/TimeFeatureLayer.xaml.vb.txt</codevb>
        <desc>Assets/Description/TimeFeatureLayer.txt</desc>
        <icon>Assets/images/small_bullet.png</icon>
        <keywords>TimeSlider,FeatureLayer,TimeExtent,MapTip,ClassBreaksRenderer</keywords>
      </item>
      <item>
        <id>TimeSlider - Image Service</id>
        <xaml>ArcGISSilverlightSDK.TimeImageService</xaml>
        <source>Assets/Source/TimeImageService.xaml</source>
        <code>Assets/Source/TimeImageService.xaml.cs.txt</code>
        <codevb>Assets/Source/TimeImageService.xaml.vb.txt</codevb>
        <desc>Assets/Description/TimeImageService.txt</desc>
        <icon>Assets/images/small_bullet.png</icon>
        <keywords>ArcGISImageServiceLayer,TimeSlider,MosaicRule,TimeInstant</keywords>
      </item>
      <item>
        <id>Temporal Renderer - Points</id>
        <xaml>ArcGISSilverlightSDK.TemporalRendererPoints</xaml>
        <source>Assets/Source/TemporalRendererPoints.xaml</source>
        <code>Assets/Source/TemporalRendererPoints.xaml.cs.txt</code>
        <codevb>Assets/Source/TemporalRendererPoints.xaml.vb.txt</codevb>
        <desc>Assets/Description/TemporalRendererPoints.txt</desc>
        <icon>Assets/images/small_bullet.png</icon>
        <keywords>TemporalRenderer,TimeSlider,FeatureLayer,VisualStateManager,ControlTemplate,TimeExtent,CumulativeFromStart</keywords>
      </item>
      <item>
        <id>Temporal Renderer - Tracks</id>
        <xaml>ArcGISSilverlightSDK.TemporalRendererTracks</xaml>
        <source>Assets/Source/TemporalRendererTracks.xaml</source>
        <code>Assets/Source/TemporalRendererTracks.xaml.cs.txt</code>
        <codevb>Assets/Source/TemporalRendererTracks.xaml.vb.txt</codevb>
        <desc>Assets/Description/TemporalRendererTracks.txt</desc>
        <icon>Assets/images/small_bullet.png</icon>
        <keywords>TemporalRenderer,TimeSlider,FeatureLayer,VisualStateManager,ControlTemplate,TimeExtent,ImageBrush,TrackId,Trigger</keywords>
      </item>
    </items>
  </Category>
  <Category>
    <name>Address Matching</name>
    <icon>Assets/images/globe-16x16.png</icon>
    <items>
      <item>
        <id>Find an Address</id>
        <xaml>ArcGISSilverlightSDK.AddressToLocation</xaml>
        <source>Assets/Source/AddressToLocation.xaml</source>
        <code>Assets/Source/AddressToLocation.xaml.cs.txt</code>
        <codevb>Assets/Source/AddressToLocation.xaml.vb.txt</codevb>
        <desc>Assets/Description/AddressToLocation.txt</desc>
        <icon>Assets/images/small_bullet.png</icon>
        <keywords>Locator,Geocode,AddressToLocationsParameters,AddressToLocations,GraphicsLayer,AddressCandidate,MapTip</keywords>
      </item>
      <item>
        <id>Address of a Location</id>
        <xaml>ArcGISSilverlightSDK.LocationToAddress</xaml>
        <source>Assets/Source/LocationToAddress.xaml</source>
        <code>Assets/Source/LocationToAddress.xaml.cs.txt</code>
        <codevb>Assets/Source/LocationToAddress.xaml.vb.txt</codevb>
        <desc>Assets/Description/LocationToAddress.txt</desc>
        <icon>Assets/images/small_bullet.png</icon>
        <keywords>Locator,Reverse Geocode,MouseClick,MapTip,GraphicsLayer,LocationToAddress,Address</keywords>
      </item>
    </items>
  </Category>
  <Category>
    <name>Network</name>
    <icon>Assets/images/globe-16x16.png</icon>
    <items>
      <item>
        <id>Routing</id>
        <xaml>ArcGISSilverlightSDK.Routing</xaml>
        <source>Assets/Source/Routing.xaml</source>
        <code>Assets/Source/Routing.xaml.cs.txt</code>
        <codevb>Assets/Source/Routing.xaml.vb.txt</codevb>
        <desc>Assets/Description/Routing.txt</desc>
        <icon>Assets/images/small_bullet.png</icon>
        <keywords>RouteTask,Stops,GraphicsLayer,MapTip,Solve,RouteParameters,RouteResult,SimpleRenderer</keywords>
      </item>
      <item>
        <id>Routing with Barriers</id>
        <xaml>ArcGISSilverlightSDK.RoutingBarriers</xaml>
        <source>Assets/Source/RoutingBarriers.xaml</source>
        <code>Assets/Source/RoutingBarriers.xaml.cs.txt</code>
        <codevb>Assets/Source/RoutingBarriers.xaml.vb.txt</codevb>
        <desc>Assets/Description/RoutingBarriers.txt</desc>
        <icon>Assets/images/small_bullet.png</icon>
        <keywords>RouteTask,RouteParameters,Barriers,Stops,GraphicsLayer,RouteResult,ControlTemplate,MouseClick</keywords>
      </item>
      <item>
        <id>Driving Directions</id>
        <xaml>ArcGISSilverlightSDK.RoutingDirections</xaml>
        <source>Assets/Source/RoutingDirections.xaml</source>
        <code>Assets/Source/RoutingDirections.xaml.cs.txt</code>
        <codevb>Assets/Source/RoutingDirections.xaml.vb.txt</codevb>
        <desc>Assets/Description/RoutingDirections.txt</desc>
        <icon>Assets/images/small_bullet.png</icon>
        <keywords>RouteTask,Locator,AddressToLocations,GraphicsLayer,RouteResult,RowDefinition,ColumnDefinition,AddressToLocationsParameters,ZoomTo,TimeSpan,Expand,Directions</keywords>
      </item>
      <item>
        <id>Closest Facility</id>
        <xaml>ArcGISSilverlightSDK.ClosestFacility</xaml>
        <source>Assets/Source/ClosestFacility.xaml</source>
        <code>Assets/Source/ClosestFacility.xaml.cs.txt</code>
        <codevb>Assets/Source/ClosestFacility.xaml.vb.txt</codevb>
        <desc>Assets/Description/ClosestFacility.txt</desc>
        <icon>Assets/images/small_bullet.png</icon>
        <keywords>ClosestFacility,SolveClosestFacility,RouteClosestFacilityParameters,Editor,EditCompleted,ControlTemplate,SimpleRenderer,VisualStateManager,MapTip,RowDefinition,ColumnDefinition,DataContext</keywords>
      </item>
      <item>
        <id>Service Areas</id>
        <xaml>ArcGISSilverlightSDK.ServiceAreas</xaml>
        <source>Assets/Source/ServiceAreas.xaml</source>
        <code>Assets/Source/ServiceAreas.xaml.cs.txt</code>
        <codevb>Assets/Source/ServiceAreas.xaml.vb.txt</codevb>
        <desc>Assets/Description/ServiceAreas.txt</desc>
        <icon>Assets/images/small_bullet.png</icon>
        <keywords>ServiceArea,SolveServiceArea,Editor,EditCompleted,DataContext,GraphicsLayer,RowDefinition,ColumnDefinition,RouteServiceAreaParameters</keywords>
      </item>
    </items>
  </Category>
  <Category>
    <name>Geoprocessing</name>
    <icon>Assets/images/globe-16x16.png</icon>
    <items>
      <item>
        <id>Message in a Bottle</id>
        <xaml>ArcGISSilverlightSDK.MessageInABottle</xaml>
        <source>Assets/Source/MessageInABottle.xaml</source>
        <code>Assets/Source/MessageInABottle.xaml.cs.txt</code>
        <codevb>Assets/Source/MessageInABottle.xaml.vb.txt</codevb>
        <desc>Assets/Description/MessageInABottle.txt</desc>
        <icon>Assets/images/small_bullet.png</icon>
        <keywords>Geoprocessor,GraphicsLayer,Execute,GPFeatureRecordSetLayer,GPDouble,GPParameter,MouseClick</keywords>
      </item>
      <item>
        <id>Drive Times</id>
        <xaml>ArcGISSilverlightSDK.DriveTimes</xaml>
        <source>Assets/Source/DriveTimes.xaml</source>
        <code>Assets/Source/DriveTimes.xaml.cs.txt</code>
        <codevb>Assets/Source/DriveTimes.xaml.vb.txt</codevb>
        <desc>Assets/Description/DriveTimes.txt</desc>
        <icon>Assets/images/small_bullet.png</icon>
        <keywords>Geoprocessor,GraphicsLayer,Execute,GPFeatureRecordSetLayer,GPString,GPParameter,MouseClick,MapTip</keywords>
      </item>
      <item>
        <id>Surface Profile</id>
        <xaml>ArcGISSilverlightSDK.SurfaceProfile</xaml>
        <source>Assets/Source/SurfaceProfile.xaml</source>
        <code>Assets/Source/SurfaceProfile.xaml.cs.txt</code>
        <codevb>Assets/Source/SurfaceProfile.xaml.vb.txt</codevb>
        <desc>Assets/Description/SurfaceProfile.txt</desc>
        <icon>Assets/images/small_bullet.png</icon>
        <keywords>Geoprocessor,GraphicsLayer,Execute,GPFeatureRecordSetLayer,GPLong,GPBoolean,GPParameter,MouseClick,BitmapImage</keywords>
      </item>
      <item>
        <id>Calculate Viewshed</id>
        <xaml>ArcGISSilverlightSDK.ViewShed</xaml>
        <source>Assets/Source/ViewShed.xaml</source>
        <code>Assets/Source/ViewShed.xaml.cs.txt</code>
        <codevb>Assets/Source/ViewShed.xaml.vb.txt</codevb>
        <desc>Assets/Description/ViewShed.txt</desc>
        <icon>Assets/images/small_bullet.png</icon>
        <keywords>Geoprocessor,GraphicsLayer,Execute,GPFeatureRecordSetLayer,GPLinearUnit</keywords>
      </item>
      <item>
        <id>Clip Features</id>
        <xaml>ArcGISSilverlightSDK.ClipFeatures</xaml>
        <source>Assets/Source/ClipFeatures.xaml</source>
        <code>Assets/Source/ClipFeatures.xaml.cs.txt</code>
        <codevb>Assets/Source/ClipFeatures.xaml.vb.txt</codevb>
        <desc>Assets/Description/ClipFeatures.txt</desc>
        <icon>Assets/images/small_bullet.png</icon>
        <keywords>Geoprocessor,GraphicsLayer,SubmitJob,JobCompleted,GPFeatureRecordSetLayer,GetResultDataCompleted,GPResultImageLayer,GPLinearUnit,DispatcherTimer,Draw</keywords>
      </item>
    </items>
  </Category>
  <Category>
    <name>Utilities</name>
    <icon>Assets/images/globe-16x16.png</icon>
    <items>
      <item>
        <id>Area and Perimeter</id>
        <xaml>ArcGISSilverlightSDK.AreasAndLengths</xaml>
        <source>Assets/Source/AreasAndLengths.xaml</source>
        <code>Assets/Source/AreasAndLengths.xaml.cs.txt</code>
        <codevb>Assets/Source/AreasAndLengths.xaml.vb.txt</codevb>
        <desc>Assets/Description/AreasAndLengths.txt</desc>
        <icon>Assets/images/small_bullet.png</icon>
        <keywords>GeometryService,Draw,WebMercator,AreasAndLengths</keywords>
      </item>
      <item>
        <id>Auto Complete</id>
        <xaml>ArcGISSilverlightSDK.AutoComplete</xaml>
        <source>Assets/Source/AutoComplete.xaml</source>
        <code>Assets/Source/AutoComplete.xaml.cs.txt</code>
        <codevb>Assets/Source/AutoComplete.xaml.vb.txt</codevb>
        <desc>Assets/Description/AutoComplete.txt</desc>
        <icon>Assets/images/small_bullet.png</icon>
        <keywords>AutoComplete,GeometryService,QueryTask,GraphicsLayer,Draw</keywords>
      </item>
      <item>
        <id>Buffer a Point</id>
        <xaml>ArcGISSilverlightSDK.BufferPoint</xaml>
        <source>Assets/Source/BufferPoint.xaml</source>
        <code>Assets/Source/BufferPoint.xaml.cs.txt</code>
        <codevb>Assets/Source/BufferPoint.xaml.vb.txt</codevb>
        <desc>Assets/Description/BufferPoint.txt</desc>
        <icon>Assets/images/small_bullet.png</icon>
        <keywords>Buffer,BufferParameters,GeometryService,GraphicsLayer,SetZIndex</keywords>
      </item>
      <item>
        <id>Convex Hull</id>
        <xaml>ArcGISSilverlightSDK.ConvexHull</xaml>
        <source>Assets/Source/ConvexHull.xaml</source>
        <code>Assets/Source/ConvexHull.xaml.cs.txt</code>
        <codevb>Assets/Source/ConvexHull.xaml.vb.txt</codevb>
        <desc>Assets/Description/ConvexHull.txt</desc>
        <icon>Assets/images/small_bullet.png</icon>
        <keywords>ConvexHull,GeometryService,Draw,GraphicsLayer</keywords>
      </item>
      <item>
        <id>Cut</id>
        <xaml>ArcGISSilverlightSDK.Cut</xaml>
        <source>Assets/Source/Cut.xaml</source>
        <code>Assets/Source/Cut.xaml.cs.txt</code>
        <codevb>Assets/Source/Cut.xaml.vb.txt</codevb>
        <desc>Assets/Description/Cut.txt</desc>
        <icon>Assets/images/small_bullet.png</icon>
        <keywords>Cut,GeometryService,ControlTemplate,MinimumResolution,Draw,QueryTask</keywords>
      </item>
      <item>
        <id>Densify</id>
        <xaml>ArcGISSilverlightSDK.Densify</xaml>
        <source>Assets/Source/Densify.xaml</source>
        <code>Assets/Source/Densify.xaml.cs.txt</code>
        <codevb>Assets/Source/Densify.xaml.vb.txt</codevb>
        <desc>Assets/Description/Densify.txt</desc>
        <icon>Assets/images/small_bullet.png</icon>
        <keywords>Densify,GeometryService,DensifyParameters,Draw,GraphicsLayer</keywords>
      </item>
      <item>
        <id>Difference</id>
        <xaml>ArcGISSilverlightSDK.Difference</xaml>
        <source>Assets/Source/Difference.xaml</source>
        <code>Assets/Source/Difference.xaml.cs.txt</code>
        <codevb>Assets/Source/Difference.xaml.vb.txt</codevb>
        <desc>Assets/Description/Difference.txt</desc>
        <icon>Assets/images/small_bullet.png</icon>
        <keywords>Difference,Simplify,GeometryService,Draw,GraphicsLayer</keywords>
      </item>
      <item>
        <id>Distance</id>
        <xaml>ArcGISSilverlightSDK.Distance</xaml>
        <source>Assets/Source/Distance.xaml</source>
        <code>Assets/Source/Distance.xaml.cs.txt</code>
        <codevb>Assets/Source/Distance.xaml.vb.txt</codevb>
        <desc>Assets/Description/Distance.txt</desc>
        <icon>Assets/images/small_bullet.png</icon>
        <keywords>Distance,DistanceParameters,GeometryService,Draw,GraphicsLayer</keywords>
      </item>
      <item>
        <id>Generalize</id>
        <xaml>ArcGISSilverlightSDK.Generalize</xaml>
        <source>Assets/Source/Generalize.xaml</source>
        <code>Assets/Source/Generalize.xaml.cs.txt</code>
        <codevb>Assets/Source/Generalize.xaml.vb.txt</codevb>
        <desc>Assets/Description/Generalize.txt</desc>
        <icon>Assets/images/small_bullet.png</icon>
        <keywords>Generalize,GeneralizeParameters,GeometryService,QueryTask,Slider</keywords>
      </item>
      <item>
        <id>Intersect</id>
        <xaml>ArcGISSilverlightSDK.Intersect</xaml>
        <source>Assets/Source/Intersect.xaml</source>
        <code>Assets/Source/Intersect.xaml.cs.txt</code>
        <codevb>Assets/Source/Intersect.xaml.vb.txt</codevb>
        <desc>Assets/Description/Intersect.txt</desc>
        <icon>Assets/images/small_bullet.png</icon>
        <keywords>Intersect,GeometryService,Draw,GraphicsLayer,QueryTask,Simplify</keywords>
      </item>
      <item>
        <id>Label Points</id>
        <xaml>ArcGISSilverlightSDK.LabelPoints</xaml>
        <source>Assets/Source/LabelPoints.xaml</source>
        <code>Assets/Source/LabelPoints.xaml.cs.txt</code>
        <codevb>Assets/Source/LabelPoints.xaml.vb.txt</codevb>
        <desc>Assets/Description/LabelPoints.txt</desc>
        <icon>Assets/images/small_bullet.png</icon>
        <keywords>LabelPoints,GeometryService,Draw,GraphicsLayer,Simplify</keywords>
      </item>
      <item>
        <id>Line Length</id>
        <xaml>ArcGISSilverlightSDK.Lengths</xaml>
        <source>Assets/Source/Lengths.xaml</source>
        <code>Assets/Source/Lengths.xaml.cs.txt</code>
        <codevb>Assets/Source/Lengths.xaml.vb.txt</codevb>
        <desc>Assets/Description/Lengths.txt</desc>
        <icon>Assets/images/small_bullet.png</icon>
        <keywords>Lengths,GeometryService,Draw,GraphicsLayer</keywords>
      </item>
      <item>
        <id>Offset</id>
        <xaml>ArcGISSilverlightSDK.Offset</xaml>
        <source>Assets/Source/Offset.xaml</source>
        <code>Assets/Source/Offset.xaml.cs.txt</code>
        <codevb>Assets/Source/Offset.xaml.vb.txt</codevb>
        <desc>Assets/Description/Offset.txt</desc>
        <icon>Assets/images/small_bullet.png</icon>
        <keywords>Offset,GeometryService,OffsetParameters,Draw,GraphicsLayer,QueryTask,FindGraphicsInHostCoordinates</keywords>
      </item>
      <item>
        <id>Project</id>
        <xaml>ArcGISSilverlightSDK.Project</xaml>
        <source>Assets/Source/Project.xaml</source>
        <code>Assets/Source/Project.xaml.cs.txt</code>
        <codevb>Assets/Source/Project.xaml.vb.txt</codevb>
        <desc>Assets/Description/Project.txt</desc>
        <icon>Assets/images/small_bullet.png</icon>
        <keywords>Project,GeometryService,GraphicsLayer</keywords>
      </item>
      <item>
        <id>Relation</id>
        <xaml>ArcGISSilverlightSDK.Relation</xaml>
        <source>Assets/Source/Relation.xaml</source>
        <code>Assets/Source/Relation.xaml.cs.txt</code>
        <codevb>Assets/Source/Relation.xaml.vb.txt</codevb>
        <desc>Assets/Description/Relation.txt</desc>
        <icon>Assets/images/small_bullet.png</icon>
        <keywords>Relation,GeometryService,Draw,GraphicsLayer,GeometryRelationPair</keywords>
      </item>
      <item>
        <id>Reshape</id>
        <xaml>ArcGISSilverlightSDK.Reshape</xaml>
        <source>Assets/Source/Reshape.xaml</source>
        <code>Assets/Source/Reshape.xaml.cs.txt</code>
        <codevb>Assets/Source/Reshape.xaml.vb.txt</codevb>
        <desc>Assets/Description/Reshape.txt</desc>
        <icon>Assets/images/small_bullet.png</icon>
        <keywords>Reshape,GeometryService,ControlTemplate,VisualStateManager,Draw,GraphicsLayer,LayersInitialized,QueryTask,FindGraphicsInHostCoordinates</keywords>
      </item>
      <item>
        <id>Simplify</id>
        <xaml>ArcGISSilverlightSDK.Simplify</xaml>
        <source>Assets/Source/Simplify.xaml</source>
        <code>Assets/Source/Simplify.xaml.cs.txt</code>
        <codevb>Assets/Source/Simplify.xaml.vb.txt</codevb>
        <desc>Assets/Description/Simplify.txt</desc>
        <icon>Assets/images/small_bullet.png</icon>
        <keywords>Simplify,GeometryService,QueryTask,GraphicsLayer</keywords>
      </item>
      <item>
        <id>Trim or Extend</id>
        <xaml>ArcGISSilverlightSDK.TrimExtend</xaml>
        <source>Assets/Source/TrimExtend.xaml</source>
        <code>Assets/Source/TrimExtend.xaml.cs.txt</code>
        <codevb>Assets/Source/TrimExtend.xaml.vb.txt</codevb>
        <desc>Assets/Description/TrimExtend.txt</desc>
        <icon>Assets/images/small_bullet.png</icon>
        <keywords>TrimExtend,GeometryService,Draw,GraphicsLayer</keywords>
      </item>
      <item>
        <id>Union</id>
        <xaml>ArcGISSilverlightSDK.Union</xaml>
        <source>Assets/Source/Union.xaml</source>
        <code>Assets/Source/Union.xaml.cs.txt</code>
        <codevb>Assets/Source/Union.xaml.vb.txt</codevb>
        <desc>Assets/Description/Union.txt</desc>
        <icon>Assets/images/small_bullet.png</icon>
        <keywords>Union,GeometryService,ControlTemplate,VisualStateManager,Draw,LayersInitialized,MinimumResolution,QueryTask</keywords>
      </item>
    </items>
  </Category>
  <Category>
    <name>Bing Maps</name>
    <icon>Assets/images/globe-16x16.png</icon>
    <items>
      <item>
        <id>Imagery</id>
        <xaml>ArcGISSilverlightSDK.BingImagery</xaml>
        <source>Assets/Source/BingImagery.xaml</source>
        <code>Assets/Source/BingImagery.xaml.cs.txt</code>
        <codevb>Assets/Source/BingImagery.xaml.vb.txt</codevb>
        <desc>Assets/Description/BingImagery.txt</desc>
        <icon>Assets/images/small_bullet.png</icon>
        <keywords>Bing,Imagery,LayerType,TileLayer,Token</keywords>
      </item>
      <item>
        <id>Routing</id>
        <xaml>ArcGISSilverlightSDK.BingRouting</xaml>
        <source>Assets/Source/BingRouting.xaml</source>
        <code>Assets/Source/BingRouting.xaml.cs.txt</code>
        <codevb>Assets/Source/BingRouting.xaml.vb.txt</codevb>
        <desc>Assets/Description/BingRouting.txt</desc>
        <icon>Assets/images/small_bullet.png</icon>
        <keywords>Bing,Routing,Route,RouteLeg,TileLayer,ControlTemplate,GraphicsLayer,Draw,Regex,Directions</keywords>
      </item>
    </items>
  </Category>
  <Category>
    <name>Image Services</name>
    <icon>Assets/images/globe-16x16.png</icon>
    <items>
      <item>
        <id>Simple</id>
        <xaml>ArcGISSilverlightSDK.SimpleImageService</xaml>
        <source>Assets/Source/SimpleImageService.xaml</source>
        <code>Assets/Source/SimpleImageService.xaml.cs.txt</code>
        <codevb>Assets/Source/SimpleImageService.xaml.vb.txt</codevb>
        <desc>Assets/Description/SimpleImageService.txt</desc>
        <icon>Assets/images/small_bullet.png</icon>
        <keywords>ImageService,NoData</keywords>
      </item>
      <item>
        <id>Query</id>
        <xaml>ArcGISSilverlightSDK.QueryImageService</xaml>
        <source>Assets/Source/QueryImageService.xaml</source>
        <code>Assets/Source/QueryImageService.xaml.cs.txt</code>
        <codevb>Assets/Source/QueryImageService.xaml.vb.txt</codevb>
        <desc>Assets/Description/QueryImageService.txt</desc>
        <icon>Assets/images/small_bullet.png</icon>
        <keywords>ImageService,QueryTask,GraphicsLayer,Draw</keywords>
      </item>
      <item>
        <id>Shaded Relief, Slope</id>
        <xaml>ArcGISSilverlightSDK.ShadedReliefImageService</xaml>
        <source>Assets/Source/ShadedReliefImageService.xaml</source>
        <code>Assets/Source/ShadedReliefImageService.xaml.cs.txt</code>
        <codevb>Assets/Source/ShadedReliefImageService.xaml.vb.txt</codevb>
        <desc>Assets/Description/ShadedReliefImageService.txt</desc>
        <icon>Assets/images/small_bullet.png</icon>
        <keywords>ImageService,RenderingRule,RasterFunction,ColorMap,Slope</keywords>
      </item>
      <item>
        <id>Stretch</id>
        <xaml>ArcGISSilverlightSDK.StretchImageService</xaml>
        <source>Assets/Source/StretchImageService.xaml</source>
        <code>Assets/Source/StretchImageService.xaml.cs.txt</code>
        <codevb>Assets/Source/StretchImageService.xaml.vb.txt</codevb>
        <desc>Assets/Description/StretchImageService.txt</desc>
        <icon>Assets/images/small_bullet.png</icon>
        <keywords>ImageService,NoData,RenderingRule,RasterFunction,Stretch,ShadedRelief</keywords>
      </item>
    </items>
  </Category>
  <Category>
    <name>JSON</name>
    <icon>Assets/images/globe-16x16.png</icon>
    <items>
      <item>
        <id>FeatureSet</id>
        <xaml>ArcGISSilverlightSDK.FeatureSetJson</xaml>
        <source>Assets/Source/FeatureSetJson.xaml</source>
        <code>Assets/Source/FeatureSetJson.xaml.cs.txt</code>
        <codevb>Assets/Source/FeatureSetJson.xaml.vb.txt</codevb>
        <desc>Assets/Description/FeatureSetJson.txt</desc>
        <icon>Assets/images/small_bullet.png</icon>
        <keywords>FeatureSet,JSON,GraphicsLayer</keywords>
      </item>
      <item>
        <id>FeatureLayer</id>
        <xaml>ArcGISSilverlightSDK.FeatureLayerFromJson</xaml>
        <source>Assets/Source/FeatureLayerFromJson.xaml</source>
        <code>Assets/Source/FeatureLayerFromJson.xaml.cs.txt</code>
        <codevb>Assets/Source/FeatureLayerFromJson.xaml.vb.txt</codevb>
        <desc>Assets/Description/FeatureLayerFromJson.txt</desc>
        <icon>Assets/images/small_bullet.png</icon>
        <keywords>FeatureLayer,JSON</keywords>
      </item>
      <item>
        <id>Renderers</id>
        <xaml>ArcGISSilverlightSDK.RendererJson</xaml>
        <source>Assets/Source/RendererJson.xaml</source>
        <code>Assets/Source/RendererJson.xaml.cs.txt</code>
        <codevb>Assets/Source/RendererJson.xaml.vb.txt</codevb>
        <desc>Assets/Description/RendererJson.txt</desc>
        <icon>Assets/images/small_bullet.png</icon>
        <keywords>FeatureLayer,Renderer,JSON</keywords>
      </item>
      <item>
        <id>Symbols</id>
        <xaml>ArcGISSilverlightSDK.SymbolJson</xaml>
        <source>Assets/Source/SymbolJson.xaml</source>
        <code>Assets/Source/SymbolJson.xaml.cs.txt</code>
        <codevb>Assets/Source/SymbolJson.xaml.vb.txt</codevb>
        <desc>Assets/Description/SymbolJson.txt</desc>
        <icon>Assets/images/small_bullet.png</icon>
        <keywords>FeatureLayer,Symbol,JSON</keywords>
      </item>
    </items>
  </Category>
  <Category>
    <name>WebMaps</name>
    <icon>Assets/images/globe-16x16.png</icon>
    <items>
      <item>
        <id>Load WebMap</id>
        <xaml>ArcGISSilverlightSDK.LoadWebMap</xaml>
        <source>Assets/Source/LoadWebMap.xaml</source>
        <code>Assets/Source/LoadWebMap.xaml.cs.txt</code>
        <codevb>Assets/Source/LoadWebMap.xaml.vb.txt</codevb>
        <desc>Assets/Description/LoadWebMap.txt</desc>
        <icon>Assets/images/small_bullet.png</icon>
        <keywords>WebMap,Document,GetMap</keywords>
      </item>
      <item>
        <id>Load WebMap Dynamically</id>
        <xaml>ArcGISSilverlightSDK.LoadWebMapDynamically</xaml>
        <source>Assets/Source/LoadWebMapDynamically.xaml</source>
        <code>Assets/Source/LoadWebMapDynamically.xaml.cs.txt</code>
        <codevb>Assets/Source/LoadWebMapDynamically.xaml.vb.txt</codevb>
        <desc>Assets/Description/LoadWebMapDynamically.txt</desc>
        <icon>Assets/images/small_bullet.png</icon>
        <keywords>WebMap,Document,GetMap,Dynamic</keywords>
      </item>
      <item>
        <id>Load Secure WebMap</id>
        <xaml>ArcGISSilverlightSDK.LoadSecureWebMap</xaml>
        <source>Assets/Source/LoadSecureWebMap.xaml</source>
        <code>Assets/Source/LoadSecureWebMap.xaml.cs.txt</code>
        <codevb>Assets/Source/LoadSecureWebMap.xaml.vb.txt</codevb>
        <desc>Assets/Description/LoadSecureWebMap.txt</desc>
        <icon>Assets/images/small_bullet.png</icon>
        <keywords>WebMap,Document,GetMap,Dynamic,Token,Secure</keywords>
      </item>
      <item>
        <id>Load WebMap with Proxy</id>
        <xaml>ArcGISSilverlightSDK.LoadWebMapWithProxy</xaml>
        <source>Assets/Source/LoadWebMapWithProxy.xaml</source>
        <code>Assets/Source/LoadWebMapWithProxy.xaml.cs.txt</code>
        <codevb>Assets/Source/LoadWebMapWithProxy.xaml.vb.txt</codevb>
        <desc>Assets/Description/LoadWebMapWithProxy.txt</desc>
        <icon>Assets/images/small_bullet.png</icon>
        <keywords>WebMap,Document,GetMap,Proxy</keywords>
      </item>
      <item>
        <id>Load WebMap with Bing</id>
        <xaml>ArcGISSilverlightSDK.LoadWebMapWithBing</xaml>
        <source>Assets/Source/LoadWebMapWithBing.xaml</source>
        <code>Assets/Source/LoadWebMapWithBing.xaml.cs.txt</code>
        <codevb>Assets/Source/LoadWebMapWithBing.xaml.vb.txt</codevb>
        <desc>Assets/Description/LoadWebMapWithBing.txt</desc>
        <icon>Assets/images/small_bullet.png</icon>
        <keywords>WebMap,Document,GetMap,Bing</keywords>
      </item>
      <item>
        <id>Map Notes with Popups</id>
        <xaml>ArcGISSilverlightSDK.WebMapNotesPopups</xaml>
        <source>Assets/Source/WebMapNotesPopups.xaml</source>
        <code>Assets/Source/WebMapNotesPopups.xaml.cs.txt</code>
        <codevb>Assets/Source/WebMapNotesPopups.xaml.vb.txt</codevb>
        <desc>Assets/Description/WebMapNotesPopups.txt</desc>
        <icon>Assets/images/small_bullet.png</icon>
        <keywords>WebMap,Document,GetMap,MapNotes,Popups</keywords>
      </item>
      <item>
        <id>Feature Service with Popups</id>
        <xaml>ArcGISSilverlightSDK.WebMapFeatureServicePopups</xaml>
        <source>Assets/Source/WebMapFeatureServicePopups.xaml</source>
        <code>Assets/Source/WebMapFeatureServicePopups.xaml.cs.txt</code>
        <codevb>Assets/Source/WebMapFeatureServicePopups.xaml.vb.txt</codevb>
        <desc>Assets/Description/WebMapFeatureServicePopups.txt</desc>
        <icon>Assets/images/small_bullet.png</icon>
        <keywords>WebMap,Document,GetMap,Layer,Popups,Feature,InfoWindow</keywords>
      </item>
      <item>
        <id>Dynamic Service with Popups</id>
        <xaml>ArcGISSilverlightSDK.WebMapDynamicServicePopups</xaml>
        <source>Assets/Source/WebMapDynamicServicePopups.xaml</source>
        <code>Assets/Source/WebMapDynamicServicePopups.xaml.cs.txt</code>
        <codevb>Assets/Source/WebMapDynamicServicePopups.xaml.vb.txt</codevb>
        <desc>Assets/Description/WebMapDynamicServicePopups.txt</desc>
        <icon>Assets/images/small_bullet.png</icon>
        <keywords>WebMap,Document,GetMap,Layer,Popups,Dynamic,InfoWindow</keywords>
      </item>
      <item>
        <id>Tiled Service with Popups</id>
        <xaml>ArcGISSilverlightSDK.WebMapTiledServicePopups</xaml>
        <source>Assets/Source/WebMapTiledServicePopups.xaml</source>
        <code>Assets/Source/WebMapTiledServicePopups.xaml.cs.txt</code>
        <codevb>Assets/Source/WebMapTiledServicePopups.xaml.vb.txt</codevb>
        <desc>Assets/Description/WebMapTiledServicePopups.txt</desc>
        <icon>Assets/images/small_bullet.png</icon>
        <keywords>WebMap,Document,GetMap,Layer,Popups,Tiled,InfoWindow</keywords>
      </item>
      <item>
        <id>Mobile Content Server</id>
        <xaml>ArcGISSilverlightSDK.WebMapMobileContentServer</xaml>
        <source>Assets/Source/WebMapMobileContentServer.xaml</source>
        <code>Assets/Source/WebMapMobileContentServer.xaml.cs.txt</code>
        <codevb>Assets/Source/WebMapMobileContentServer.xaml.vb.txt</codevb>
        <desc>Assets/Description/WebMapMobileContentServer.txt</desc>
        <icon>Assets/images/small_bullet.png</icon>
        <keywords>WebMap,Document,GetMap,Mobile,ServerBaseUrl</keywords>
      </item>
    </items>
  </Category>
  <Category>
    <name>SOEs</name>
    <icon>Assets/images/globe-16x16.png</icon>
    <items>
      <item>
        <id>Elevation - Data Contract</id>
        <xaml>ArcGISSilverlightSDK.SOEElevationLatLonDataContract</xaml>
        <source>Assets/Source/SOEElevationLatLonDataContract.xaml</source>
        <code>Assets/Source/SOEElevationLatLonDataContract.xaml.cs.txt</code>
        <codevb>Assets/Source/SOEElevationLatLonDataContract.xaml.vb.txt</codevb>
        <desc>Assets/Description/SOEElevationLatLonDataContract.txt</desc>
        <icon>Assets/images/small_bullet.png</icon>
        <keywords>SOE,DataContract</keywords>
      </item>
      <item>
        <id>Elevation - JsonObject</id>
        <xaml>ArcGISSilverlightSDK.SOEElevationLatLonJsonObject</xaml>
        <source>Assets/Source/SOEElevationLatLonJsonObject.xaml</source>
        <code>Assets/Source/SOEElevationLatLonJsonObject.xaml.cs.txt</code>
        <codevb>Assets/Source/SOEElevationLatLonJsonObject.xaml.vb.txt</codevb>
        <desc>Assets/Description/SOEElevationLatLonJsonObject.txt</desc>
        <icon>Assets/images/small_bullet.png</icon>
        <keywords>SOE,JsonObject</keywords>
      </item>
      <item>
        <id>Elevation Data</id>
        <xaml>ArcGISSilverlightSDK.SOEElevationData</xaml>
        <source>Assets/Source/SOEElevationData.xaml</source>
        <code>Assets/Source/SOEElevationData.xaml.cs.txt</code>
        <codevb>Assets/Source/SOEElevationData.xaml.vb.txt</codevb>
        <desc>Assets/Description/SOEElevationData.txt</desc>
        <icon>Assets/images/small_bullet.png</icon>
        <keywords>SOE,Bitmap</keywords>
      </item>
    </items>
  </Category>
  <Category>
    <name>Spatial Data Services</name>
    <icon>Assets/images/globe-16x16.png</icon>
    <items>
      <item>
        <id>Graphics Layer</id>
        <xaml>ArcGISSilverlightSDK.SDSGraphicsLayer</xaml>
        <source>Assets/Source/SDSGraphicsLayer.xaml</source>
        <code>Assets/Source/SDSGraphicsLayer.xaml.cs.txt</code>
        <codevb>Assets/Source/SDSGraphicsLayer.xaml.vb.txt</codevb>
        <desc>Assets/Description/SDSGraphicsLayer.txt</desc>
        <icon>Assets/images/small_bullet.png</icon>
        <keywords>SpatialDataService,GraphicsLayer,MapTip,Clusterer,LayersInitialized,QueryTask</keywords>
      </item>
      <item>
        <id>Feature Layer</id>
        <xaml>ArcGISSilverlightSDK.SDSFeatureLayer</xaml>
        <source>Assets/Source/SDSFeatureLayer.xaml</source>
        <code>Assets/Source/SDSFeatureLayer.xaml.cs.txt</code>
        <codevb>Assets/Source/SDSFeatureLayer.xaml.vb.txt</codevb>
        <desc>Assets/Description/SDSFeatureLayer.txt</desc>
        <icon>Assets/images/small_bullet.png</icon>
        <keywords>SpatialDataService,FeatureLayer,MapTip,Clusterer</keywords>
      </item>
      <item>
        <id>Renderers using XAML</id>
        <xaml>ArcGISSilverlightSDK.SDSRenderersXAML</xaml>
        <source>Assets/Source/SDSRenderersXAML.xaml</source>
        <code>Assets/Source/SDSRenderersXAML.xaml.cs.txt</code>
        <codevb>Assets/Source/SDSRenderersXAML.xaml.vb.txt</codevb>
        <desc>Assets/Description/SDSRenderersXAML.txt</desc>
        <icon>Assets/images/small_bullet.png</icon>
        <keywords>SpatialDataService,SimpleRenderer,ClassBreaksRenderer,UniqueValueRenderer,UniqueValueInfo,ClassBreakInfo,FeatureLayer,ZoomTo</keywords>
      </item>
      <item>
        <id>Spatial Query</id>
        <xaml>ArcGISSilverlightSDK.SDSSpatialQuery</xaml>
        <source>Assets/Source/SDSSpatialQuery.xaml</source>
        <code>Assets/Source/SDSSpatialQuery.xaml.cs.txt</code>
        <codevb>Assets/Source/SDSSpatialQuery.xaml.vb.txt</codevb>
        <desc>Assets/Description/SDSSpatialQuery.txt</desc>
        <icon>Assets/images/small_bullet.png</icon>
        <keywords>SpatialDataService,QueryTask,DataGrid,DataGridRowHeader,DataGridCellsPresenter,DataGridDetailsPresenter,DataGridFrozenGrid,ControlTemplate,VisualStateManager,GraphicsLayer,Toolbar</keywords>
      </item>
      <item>
        <id>Only Spatial Data Service Layers</id>
        <xaml>ArcGISSilverlightSDK.SDSMap</xaml>
        <source>Assets/Source/SDSMap.xaml</source>
        <code>Assets/Source/SDSMap.xaml.cs.txt</code>
        <codevb>Assets/Source/SDSMap.xaml.vb.txt</codevb>
        <desc>Assets/Description/SDSMap.txt</desc>
        <icon>Assets/images/small_bullet.png</icon>
        <keywords>SpatialDataService,GraphicsLayer,QueryTask,Clusterer,MapTip,ClassBreaksRenderer,ClassBreakInfo,UniqueValueRenderer,UniqueValueInfo,Random,DispatcherTimer</keywords>
      </item>
    </items>
  </Category>
</ArcGISSilverlightSDK>
