{
  "buoy-icon-1": {
    "width": 26,
    "height": 30,
    "x": 318,
    "y": 117,
    "pixelRatio": 1,
    "visible": true
  },
  "buoy-icon-2": {
    "width": 26,
    "height": 30,
    "x": 348,
    "y": 117,
    "pixelRatio": 1,
    "visible": true
  },
  "buoy-icon-3": {
    "width": 26,
    "height": 30,
    "x": 378,
    "y": 117,
    "pixelRatio": 1,
    "visible": true
  },
  "buoy-icon-4": {
    "width": 26,
    "height": 30,
    "x": 408,
    "y": 117,
    "pixelRatio": 1,
    "visible": true
  },
  "buoy-icon-5": {
    "width": 26,
    "height": 30,
    "x": 438,
    "y": 117,
    "pixelRatio": 1,
    "visible": true
  },
  "buoy-icon-6": {
    "width": 26,
    "height": 30,
    "x": 468,
    "y": 117,
    "pixelRatio": 1,
    "visible": true
  },
  "buoy-icon-7": {
    "width": 26,
    "height": 30,
    "x": 498,
    "y": 117,
    "pixelRatio": 1,
    "visible": true
  },
  "buoy-icon-8": {
    "width": 26,
    "height": 30,
    "x": 528,
    "y": 117,
    "pixelRatio": 1,
    "visible": true
  },
  "buoy-icon-9": {
    "width": 26,
    "height": 30,
    "x": 558,
    "y": 117,
    "pixelRatio": 1,
    "visible": true
  },
  "buoy-icon-10": {
    "width": 26,
    "height": 30,
    "x": 588,
    "y": 117,
    "pixelRatio": 1,
    "visible": true
  },
  "buoy-icon-active-1": {
    "width": 26,
    "height": 30,
    "x": 316,
    "y": 77,
    "pixelRatio": 1,
    "visible": true
  },
  "buoy-icon-active-2": {
    "width": 26,
    "height": 30,
    "x": 346,
    "y": 77,
    "pixelRatio": 1,
    "visible": true
  },
  "buoy-icon-active-3": {
    "width": 26,
    "height": 30,
    "x": 376,
    "y": 77,
    "pixelRatio": 1,
    "visible": true
  },
  "buoy-icon-active-4": {
    "width": 26,
    "height": 30,
    "x": 406,
    "y": 77,
    "pixelRatio": 1,
    "visible": true
  },
  "buoy-icon-active-5": {
    "width": 26,
    "height": 30,
    "x": 436,
    "y": 77,
    "pixelRatio": 1,
    "visible": true
  },
  "buoy-icon-active-6": {
    "width": 26,
    "height": 30,
    "x": 466,
    "y": 77,
    "pixelRatio": 1,
    "visible": true
  },
  "buoy-icon-active-7": {
    "width": 26,
    "height": 30,
    "x": 496,
    "y": 77,
    "pixelRatio": 1,
    "visible": true
  },
  "buoy-icon-active-8": {
    "width": 26,
    "height": 30,
    "x": 526,
    "y": 77,
    "pixelRatio": 1,
    "visible": true
  },
  "buoy-icon-active-9": {
    "width": 26,
    "height": 30,
    "x": 556,
    "y": 77,
    "pixelRatio": 1,
    "visible": true
  },
  "buoy-icon-active-10": {
    "width": 26,
    "height": 30,
    "x": 586,
    "y": 77,
    "pixelRatio": 1,
    "visible": true
  }
}
